league,player,matchId,home,away,penaltyWinner
family,Bene,760415,3,1,
family,Bene,760414,1,2,
family,Rebecca,760415,2,0,
family,Rebecca,760414,2,1,
family,Rebecca,760416,1,1,
family,Rebecca,760420,0,2,
family,Rebecca,760419,2,0,
family,Rebecca,760418,0,3,
family,Rebecca,760417,2,1,
family,Rebecca,760421,1,3,
family,Rebecca,760422,5,0,
family,Rebecca,760423,2,0,
family,Rebecca,760425,2,1,
family,Rebecca,760424,2,1,
family,Nils,760415,2,1,
family,Nils,760414,1,1,
family,Nils,760416,0,1,
family,Nils,760417,3,0,
family,Nils,760420,0,2,
family,Nils,760419,4,0,
family,Nils,760418,0,3,
family,Nils,760421,2,3,
family,Oma,760415,3,1,
family,Oma,760414,1,2,
family,Holger,760415,3,1,
family,Holger,760414,1,1,
oppenheimer,Eike,760415,1,0,
oppenheimer,Eike,760414,1,0,
oppenheimer,Daniel,760415,1,0,
oppenheimer,Daniel,760414,0,2,
oppenheimer,Daniel,760416,2,0,
oppenheimer,Daniel,760417,1,1,
oppenheimer,Alex,760415,2,0,
oppenheimer,Alex,760414,1,0,
oppenheimer,Alex,760438,1,0,
oppenheimer,Alex,760441,2,1,
oppenheimer,Alex,760466,0,1,
oppenheimer,Alex,760467,1,2,
oppenheimer,Alex,760416,1,0,
oppenheimer,Alex,760420,0,2,
oppenheimer,Alex,760439,2,1,
oppenheimer,Alex,760440,2,0,
oppenheimer,Alex,760462,2,1,
oppenheimer,Dominik,760415,2,0,
oppenheimer,Dominik,760414,1,1,
oppenheimer,Dominik,760416,1,0,
oppenheimer,Dominik,760420,0,2,
oppenheimer,Dominik,760417,1,0,
oppenheimer,Jörg,760415,2,0,
oppenheimer,Jörg,760414,1,0,
oppenheimer,Alex,760463,2,2,
oppenheimer,Alex,760419,3,1,
oppenheimer,Alex,760418,0,2,
oppenheimer,Alex,760464,3,0,
oppenheimer,Alex,760465,0,2,
oppenheimer,Alex,760417,2,0,
oppenheimer,Alex,760421,1,2,
oppenheimer,Alex,760422,3,0,
oppenheimer,Alex,760425,1,1,
oppenheimer,Alex,760423,1,1,
oppenheimer,Alex,760424,1,2,
oppenheimer,Alex,760428,4,0,
oppenheimer,Maike,760415,2,1,
oppenheimer,Maike,760414,1,1,
oppenheimer,Jan,760415,2,0,
oppenheimer,Jan,760414,2,1,
oppenheimer,Jan,760438,3,0,
oppenheimer,Jan,760441,2,1,
oppenheimer,Jan,760466,0,2,
oppenheimer,Jan,760467,1,1,
oppenheimer,Jan,760416,1,0,
oppenheimer,Jan,760420,0,3,
oppenheimer,Jan,760439,3,0,
oppenheimer,Jan,760440,2,0,
oppenheimer,Jan,760462,1,0,
oppenheimer,Jan,760463,1,0,
oppenheimer,Jan,760419,3,0,
oppenheimer,Jan,760418,0,1,
oppenheimer,Jan,760445,0,1,
oppenheimer,Jan,760444,2,0,
oppenheimer,Jan,760464,1,0,
oppenheimer,Jan,760465,1,2,
oppenheimer,Jan,760417,2,1,
oppenheimer,Jan,760421,0,1,
oppenheimer,Jan,760442,1,0,
oppenheimer,Jan,760443,2,0,
oppenheimer,Jan,760469,2,1,
oppenheimer,Jan,760470,1,1,
oppenheimer,Jan,760422,2,0,
oppenheimer,Jan,760423,0,0,
oppenheimer,Jan,760448,1,0,
oppenheimer,Jan,760446,2,0,
oppenheimer,Jan,760468,1,1,
oppenheimer,Jan,760473,0,1,
oppenheimer,Jan,760425,1,0,
oppenheimer,Jan,760424,1,0,
oppenheimer,Jan,760447,1,0,
oppenheimer,Jan,760449,0,1,
oppenheimer,Jan,760471,1,0,
oppenheimer,Jan,760472,0,1,
oppenheimer,Jan,760426,3,0,
oppenheimer,Jan,760427,1,0,
oppenheimer,Jan,760451,2,0,
oppenheimer,Jan,760452,0,1,
oppenheimer,Jan,760476,1,0,
oppenheimer,Jan,760477,0,2,
oppenheimer,Jan,760428,3,0,
oppenheimer,Jan,760429,0,2,
oppenheimer,Jan,760453,3,0,
oppenheimer,Jan,760450,1,0,
oppenheimer,Jan,760478,1,1,
oppenheimer,Jan,760479,0,1,
oppenheimer,Jan,760432,2,0,
oppenheimer,Jan,760430,0,2,
oppenheimer,Jan,760457,2,0,
oppenheimer,Jan,760454,1,0,
oppenheimer,Jan,760474,1,0,
oppenheimer,Jan,760475,0,1,
oppenheimer,Jan,760433,2,0,
oppenheimer,Jan,760431,2,0,
oppenheimer,Jan,760456,1,1,
oppenheimer,Jan,760455,0,1,
oppenheimer,Jan,760483,0,2,
oppenheimer,Jan,760484,0,1,
oppenheimer,Jan,760435,2,0,
oppenheimer,Jan,760436,0,1,
oppenheimer,Jan,760461,2,0,
oppenheimer,Jan,760459,1,0,
oppenheimer,Jan,760481,0,1,
oppenheimer,Jan,760482,1,1,
oppenheimer,Jan,760437,2,1,
oppenheimer,Jan,760434,1,0,
oppenheimer,Jan,760458,2,0,
oppenheimer,Jan,760460,0,1,
oppenheimer,Jan,760480,1,0,
oppenheimer,Jan,760485,0,2,
family,Miro,760415,3,1,
family,Miro,760414,1,1,
oppenheimer,Miro,760415,3,1,
oppenheimer,Miro,760414,1,1,
oppenheimer,Stefan,760415,2,0,
oppenheimer,Stefan,760414,1,1,
oppenheimer,Stefan,760416,1,1,
oppenheimer,Stefan,760417,2,1,
oppenheimer,Stefan,760420,0,2,
oppenheimer,Stefan,760419,2,1,
oppenheimer,Stefan,760418,0,2,
oppenheimer,Stefan,760421,1,2,
family,Leo,760415,4,2,
family,Leo,760414,4,5,
oppenheimer,Anne,760415,3,2,
oppenheimer,Anne,760414,2,1,
family,Anne,760415,3,2,
family,Anne,760414,2,1,
family,Timo,760415,2,0,
family,Timo,760414,1,1,
oppenheimer,Timo,760415,2,0,
oppenheimer,Timo,760414,1,1,
oppenheimer,Consti,760415,2,1,
oppenheimer,Consti,760414,1,1,
oppenheimer,Consti,760438,2,1,
oppenheimer,Consti,760441,2,1,
oppenheimer,Consti,760466,1,2,
oppenheimer,Consti,760467,1,2,
oppenheimer,Consti,760416,2,1,
oppenheimer,Consti,760420,1,2,
oppenheimer,Consti,760439,2,1,
oppenheimer,Consti,760440,2,0,
oppenheimer,Consti,760462,2,1,
oppenheimer,Consti,760463,2,1,
oppenheimer,Consti,760419,2,1,
oppenheimer,Consti,760418,1,2,
oppenheimer,Consti,760445,1,2,
oppenheimer,Consti,760444,3,0,
oppenheimer,Consti,760464,2,1,
oppenheimer,Consti,760465,1,2,
oppenheimer,Consti,760417,2,1,
oppenheimer,Consti,760421,1,2,
oppenheimer,Consti,760442,2,1,
oppenheimer,Consti,760443,2,1,
oppenheimer,Consti,760469,2,1,
oppenheimer,Consti,760470,1,2,
oppenheimer,Consti,760422,2,1,
oppenheimer,Consti,760423,1,2,
oppenheimer,Consti,760448,2,1,
oppenheimer,Consti,760446,2,1,
oppenheimer,Consti,760468,1,2,
oppenheimer,Consti,760473,1,2,
oppenheimer,Consti,760425,2,1,
oppenheimer,Consti,760424,2,1,
oppenheimer,Consti,760447,2,1,
oppenheimer,Consti,760449,1,2,
oppenheimer,Consti,760471,2,1,
oppenheimer,Consti,760472,1,2,
oppenheimer,Consti,760426,2,1,
oppenheimer,Consti,760427,2,1,
oppenheimer,Consti,760451,2,1,
oppenheimer,Consti,760452,1,2,
oppenheimer,Consti,760476,2,1,
oppenheimer,Consti,760477,1,2,
oppenheimer,Consti,760428,2,1,
oppenheimer,Consti,760429,1,2,
oppenheimer,Consti,760453,2,1,
oppenheimer,Consti,760450,2,1,
oppenheimer,Consti,760478,2,1,
oppenheimer,Consti,760479,1,2,
oppenheimer,Consti,760432,2,1,
oppenheimer,Consti,760430,1,2,
oppenheimer,Consti,760457,2,1,
oppenheimer,Consti,760454,2,1,
oppenheimer,Consti,760474,2,1,
oppenheimer,Consti,760475,1,2,
oppenheimer,Consti,760433,2,1,
oppenheimer,Consti,760431,2,1,
oppenheimer,Consti,760456,2,1,
oppenheimer,Consti,760455,1,2,
oppenheimer,Consti,760483,1,2,
oppenheimer,Consti,760484,1,2,
oppenheimer,Consti,760435,2,1,
oppenheimer,Consti,760436,1,2,
oppenheimer,Consti,760461,2,1,
oppenheimer,Consti,760459,2,1,
oppenheimer,Consti,760481,1,2,
oppenheimer,Consti,760482,2,1,
oppenheimer,Consti,760437,2,1,
oppenheimer,Consti,760434,2,1,
oppenheimer,Consti,760458,2,1,
oppenheimer,Consti,760460,1,2,
oppenheimer,Consti,760480,2,1,
oppenheimer,Consti,760485,1,2,
oppenheimer,Alex,760442,2,1,
oppenheimer,Philipp,760415,3,1,
oppenheimer,Philipp,760414,2,2,
oppenheimer,Alex,760469,1,1,
oppenheimer,Alex,760470,1,1,
oppenheimer,Alex,760468,1,2,
oppenheimer,Alex,760473,0,2,
oppenheimer,Alex,760471,2,1,
oppenheimer,Alex,760472,1,2,
oppenheimer,Alex,760426,3,1,
oppenheimer,David,760415,3,0,
oppenheimer,David,760414,2,0,
oppenheimer,Carina,760415,2,1,
oppenheimer,Jakob,760415,1,0,
oppenheimer,Jakob,760414,2,1,
family,Marlon,760415,2,1,
family,Marlon,760414,1,2,
oppenheimer,Marlon,760415,2,1,
oppenheimer,Marlon,760414,1,2,
oppenheimer,Steffi,760415,2,1,
oppenheimer,Steffi,760414,1,1,
oppenheimer,Carina,760414,1,1,
oppenheimer,Carina,760416,2,0,
oppenheimer,Carina,760417,2,1,
oppenheimer,Carina,760420,0,3,
oppenheimer,Carina,760419,3,0,
oppenheimer,Carina,760418,0,2,
oppenheimer,Carina,760421,1,2,
oppenheimer,Steffi,760416,2,1,
oppenheimer,Jakob,760416,2,0,
oppenheimer,Jakob,760420,0,3,
oppenheimer,Jakob,760419,3,1,
oppenheimer,Jakob,760418,0,2,
oppenheimer,Jakob,760417,2,0,
oppenheimer,Jakob,760421,1,3,
oppenheimer,Jakob,760422,3,0,
oppenheimer,Jakob,760423,1,1,
oppenheimer,Jakob,760425,1,0,
oppenheimer,Jakob,760424,0,0,
oppenheimer,Jakob,760426,3,0,
oppenheimer,Jakob,760427,3,1,
oppenheimer,Jakob,760428,2,0,
oppenheimer,Jakob,760429,0,2,
oppenheimer,Jakob,760432,2,0,
oppenheimer,Jakob,760433,2,0,
oppenheimer,Jakob,760431,2,0,
oppenheimer,Jakob,760435,3,0,
oppenheimer,Timo,760416,2,1,
oppenheimer,Timo,760420,0,3,
oppenheimer,Timo,760417,0,1,
family,Timo,760416,2,1,
family,Timo,760420,0,3,
family,Timo,760417,0,1,
oppenheimer,Philipp,760416,3,1,
oppenheimer,Jörg,760416,2,0,
oppenheimer,Jörg,760420,0,3,
oppenheimer,Jörg,760419,3,2,
oppenheimer,Jörg,760418,0,2,
oppenheimer,Jörg,760417,2,1,
oppenheimer,Jörg,760421,0,2,
oppenheimer,Eike,760416,2,0,
oppenheimer,Eike,760420,0,1,
oppenheimer,Eike,760419,3,0,
oppenheimer,Eike,760418,0,5,
oppenheimer,Eike,760417,1,0,
oppenheimer,Eike,760421,0,1,
family,Bene,760416,2,1,
family,Bene,760420,1,4,
family,Bene,760419,2,0,
family,Bene,760418,0,2,
family,Bene,760417,2,1,
family,Bene,760421,1,2,
family,Bene,760422,4,0,
family,Bene,760423,1,1,
family,Bene,760425,2,1,
family,Bene,760424,1,0,
family,Holger,760416,1,2,
family,Holger,760417,3,1,
family,Leo,760416,3,6,
family,Leo,760417,0,4,
family,Leo,760420,2,2,
family,Leo,760419,2,0,
family,Leo,760418,5,6,
family,Leo,760421,0,2,
oppenheimer,Maike,760416,2,1,
oppenheimer,Maike,760420,0,3,
oppenheimer,Maike,760419,3,1,
oppenheimer,Maike,760418,0,3,
oppenheimer,Maike,760417,2,0,
oppenheimer,Maike,760421,1,2,
family,Marlon,760416,1,2,
family,Marlon,760417,2,0,
oppenheimer,Marlon,760416,1,2,
oppenheimer,Marlon,760417,2,0,
family,Miro,760416,3,1,
family,Miro,760417,2,1,
oppenheimer,Miro,760416,3,1,
oppenheimer,Miro,760417,2,1,
family,Oma,760416,1,1,
oppenheimer,Steffi,760417,2,1,
oppenheimer,Steffi,760420,0,2,
oppenheimer,Steffi,760419,3,2,
oppenheimer,Steffi,760418,1,3,
oppenheimer,Steffi,760421,1,3,
oppenheimer,Steffi,760422,4,1,
oppenheimer,Anne,760417,2,1,
oppenheimer,Anne,760420,0,2,
oppenheimer,Anne,760419,3,1,
oppenheimer,Anne,760418,0,2,
oppenheimer,Anne,760421,1,2,
family,Anne,760417,2,1,
family,Anne,760420,0,2,
family,Anne,760419,3,1,
family,Anne,760418,0,2,
family,Anne,760421,1,2,
oppenheimer,Philipp,760420,1,5,
oppenheimer,Philipp,760419,3,2,
oppenheimer,Philipp,760418,0,2,
oppenheimer,Philipp,760417,1,1,
oppenheimer,Philipp,760421,1,3,
oppenheimer,Philipp,760422,4,1,
family,Oma,760417,3,0,
family,Miro,760420,0,2,
family,Miro,760419,2,1,
family,Miro,760418,0,2,
family,Miro,760421,1,2,
oppenheimer,Miro,760420,0,2,
oppenheimer,Miro,760419,2,1,
oppenheimer,Miro,760418,0,2,
oppenheimer,Miro,760421,1,2,
family,Holger,760420,0,4,
family,Holger,760419,3,2,
family,Holger,760418,0,2,
family,Holger,760421,1,2,
family,Holger,760422,5,0,
family,Holger,760423,2,1,
family,Holger,760425,2,3,
family,Holger,760424,2,0,
oppenheimer,Daniel,760420,0,4,
oppenheimer,Daniel,760419,4,0,
oppenheimer,Daniel,760418,0,1,
oppenheimer,Daniel,760421,0,3,
oppenheimer,Daniel,760422,7,1,
oppenheimer,Daniel,760425,2,0,
oppenheimer,Daniel,760423,1,2,
oppenheimer,Daniel,760424,3,1,
oppenheimer,Daniel,760428,3,1,
oppenheimer,Daniel,760426,3,1,
oppenheimer,Daniel,760429,1,3,
oppenheimer,Daniel,760427,1,1,
oppenheimer,Daniel,760432,3,1,
oppenheimer,Daniel,760430,1,3,
oppenheimer,Daniel,760433,3,1,
oppenheimer,Daniel,760431,3,1,
family,Oma,760420,0,3,
family,Oma,760419,2,1,
family,Oma,760418,0,2,
family,Oma,760421,0,2,
family,Marlon,760420,1,3,
family,Marlon,760419,2,2,
family,Marlon,760418,3,2,
family,Marlon,760421,0,0,
oppenheimer,Marlon,760420,1,3,
oppenheimer,Marlon,760419,2,2,
oppenheimer,Marlon,760418,3,2,
oppenheimer,Marlon,760421,0,0,
oppenheimer,Dominik,760419,3,1,
oppenheimer,Dominik,760418,0,1,
oppenheimer,Dominik,760421,0,2,
oppenheimer,Dominik,760422,4,0,
oppenheimer,Dominik,760423,1,1,
oppenheimer,Dominik,760425,1,1,
oppenheimer,Dominik,760424,2,1,
family,Bene,760426,3,1,
family,Bene,760427,2,1,
family,Bene,760428,5,0,
family,Bene,760429,0,2,
oppenheimer,Timo,760419,2,1,
oppenheimer,Timo,760418,1,2,
oppenheimer,Timo,760421,0,2,
oppenheimer,Timo,760422,4,0,
oppenheimer,Timo,760425,2,1,
oppenheimer,Timo,760423,0,1,
oppenheimer,Timo,760424,1,0,
family,Timo,760419,2,1,
family,Timo,760418,1,2,
family,Timo,760421,0,2,
family,Timo,760422,4,0,
family,Timo,760425,2,1,
family,Timo,760423,0,1,
family,Timo,760424,1,0,
oppenheimer,Maike,760422,4,1,
oppenheimer,Maike,760425,1,1,
oppenheimer,Maike,760423,2,1,
oppenheimer,Maike,760424,2,1,
family,Leo,760422,8,6,
family,Leo,760425,5,1,
family,Leo,760423,11,8,
family,Leo,760424,2,0,
family,Leo,760428,5,0,
family,Leo,760426,2,1,
family,Leo,760429,0,4,
family,Leo,760427,9,7,
family,Leo,760432,6,4,
family,Leo,760430,0,2,
family,Leo,760433,5,0,
family,Leo,760431,10,6,
family,Leo,760435,2,0,
family,Leo,760437,6,5,
family,Leo,760434,5,2,
family,Leo,760436,3,5,
family,Nils,760422,4,0,
family,Nils,760425,2,1,
family,Nils,760423,3,0,
family,Nils,760424,3,2,
family,Nils,760428,3,0,
family,Nils,760426,0,0,
family,Nils,760429,1,2,
family,Nils,760427,1,2,
family,Nils,760432,3,0,
family,Nils,760430,1,2,
family,Nils,760433,3,0,
family,Nils,760431,2,1,
family,Nils,760435,2,0,
family,Nils,760437,1,1,
family,Nils,760434,2,0,
family,Nils,760436,1,2,
family,Nils,760438,2,1,
family,Nils,760439,2,0,
family,Nils,760440,2,1,
family,Nils,760441,2,1,
family,Nils,760442,3,2,
family,Nils,760445,1,2,
family,Nils,760444,3,0,
family,Nils,760443,2,1,
oppenheimer,Carina,760422,3,0,
oppenheimer,Carina,760425,3,1,
oppenheimer,Carina,760423,2,1,
oppenheimer,Carina,760424,2,0,
oppenheimer,Carina,760428,3,0,
oppenheimer,Carina,760426,3,0,
oppenheimer,Carina,760429,1,2,
oppenheimer,Carina,760427,1,1,
oppenheimer,Carina,760432,2,0,
oppenheimer,Carina,760430,0,2,
oppenheimer,Carina,760433,2,0,
oppenheimer,Carina,760431,1,0,
oppenheimer,Carina,760435,2,0,
oppenheimer,Carina,760437,2,1,
oppenheimer,Carina,760434,2,0,
oppenheimer,Carina,760436,0,1,
oppenheimer,Carina,760438,2,1,
oppenheimer,Carina,760439,1,1,
family,Marlon,760422,3,0,
family,Marlon,760425,1,1,
family,Marlon,760423,1,1,
family,Marlon,760424,1,0,
family,Marlon,760428,2,0,
oppenheimer,Marlon,760422,3,0,
oppenheimer,Marlon,760425,1,1,
oppenheimer,Marlon,760423,1,1,
oppenheimer,Marlon,760424,1,0,
oppenheimer,Marlon,760428,2,0,
oppenheimer,Anne,760422,3,1,
oppenheimer,Anne,760425,2,0,
family,Anne,760422,3,1,
family,Anne,760425,2,0,
family,Miro,760422,3,0,
family,Miro,760425,2,1,
family,Miro,760423,1,1,
family,Miro,760424,2,1,
family,Miro,760428,3,0,
oppenheimer,Miro,760422,3,0,
oppenheimer,Miro,760425,2,1,
oppenheimer,Miro,760423,1,1,
oppenheimer,Miro,760424,2,1,
oppenheimer,Miro,760428,3,0,
oppenheimer,Stefan,760422,4,0,
oppenheimer,Stefan,760425,2,1,
oppenheimer,Stefan,760423,1,1,
oppenheimer,Stefan,760424,1,0,
oppenheimer,Stefan,760428,3,0,
oppenheimer,Stefan,760426,2,1,
oppenheimer,Stefan,760429,0,2,
oppenheimer,Stefan,760427,1,0,
oppenheimer,Stefan,760432,2,1,
oppenheimer,Stefan,760430,0,2,
oppenheimer,Stefan,760433,2,0,
oppenheimer,Stefan,760431,2,0,
oppenheimer,Stefan,760435,3,1,
oppenheimer,Stefan,760437,2,1,
oppenheimer,Stefan,760434,1,1,
oppenheimer,Stefan,760436,1,2,
oppenheimer,Stefan,760438,2,0,
oppenheimer,Stefan,760439,2,1,
oppenheimer,Stefan,760440,2,0,
oppenheimer,Stefan,760441,2,1,
family,Oma,760422,3,1,
family,Oma,760425,2,1,
family,Oma,760423,0,1,
family,Oma,760424,2,0,
oppenheimer,Eike,760422,5,0,
oppenheimer,Eike,760425,1,0,
oppenheimer,Eike,760423,0,1,
oppenheimer,Eike,760424,1,0,
oppenheimer,Eike,760428,6,0,
oppenheimer,Eike,760426,1,0,
oppenheimer,Eike,760429,0,1,
oppenheimer,Eike,760427,1,0,
oppenheimer,Eike,760432,1,0,
oppenheimer,Eike,760430,0,1,
oppenheimer,Eike,760433,1,0,
oppenheimer,Eike,760431,1,0,
oppenheimer,Eike,760435,1,0,
oppenheimer,Eike,760437,1,0,
oppenheimer,Eike,760434,1,0,
oppenheimer,Eike,760436,0,1,
oppenheimer,Eike,760438,1,0,
oppenheimer,Eike,760439,1,0,
oppenheimer,Eike,760440,1,0,
oppenheimer,Eike,760441,1,0,
oppenheimer,Eike,760442,1,0,
oppenheimer,Eike,760445,0,1,
oppenheimer,Eike,760444,1,0,
oppenheimer,Eike,760443,1,0,
oppenheimer,Eike,760447,1,0,
oppenheimer,Eike,760461,1,0,
oppenheimer,Eike,760458,1,0,
oppenheimer,Eike,760460,0,1,
oppenheimer,Eike,760459,1,0,
oppenheimer,Eike,760462,1,0,
oppenheimer,Eike,760463,1,0,
oppenheimer,Eike,760464,1,0,
oppenheimer,Eike,760465,0,1,
oppenheimer,Eike,760466,0,1,
oppenheimer,Eike,760467,0,1,
oppenheimer,Eike,760481,0,1,
oppenheimer,Eike,760482,1,0,
oppenheimer,Eike,760483,0,1,
oppenheimer,Eike,760484,0,1,
oppenheimer,Jörg,760422,3,0,
oppenheimer,Philipp,760425,3,1,
oppenheimer,Philipp,760423,2,2,
oppenheimer,Philipp,760424,2,1,
oppenheimer,Philipp,760428,3,1,
oppenheimer,Philipp,760426,2,0,
oppenheimer,Jörg,760425,2,1,
oppenheimer,Jörg,760423,1,1,
oppenheimer,Jörg,760424,1,0,
oppenheimer,Jörg,760428,3,0,
oppenheimer,Jörg,760426,2,0,
oppenheimer,Jörg,760429,0,3,
oppenheimer,Jörg,760427,1,0,
oppenheimer,Steffi,760425,2,0,
oppenheimer,Steffi,760423,1,1,
oppenheimer,Steffi,760424,2,1,
oppenheimer,Steffi,760428,5,1,
oppenheimer,Steffi,760426,2,1,
oppenheimer,Anne,760423,1,1,
oppenheimer,Anne,760424,1,0,
oppenheimer,Anne,760428,3,0,
oppenheimer,Anne,760426,1,0,
oppenheimer,Anne,760429,1,2,
oppenheimer,Anne,760427,2,1,
oppenheimer,Anne,760432,3,1,
family,Anne,760423,1,1,
family,Anne,760424,1,0,
family,Anne,760428,3,0,
family,Anne,760426,1,0,
family,Anne,760429,1,2,
family,Anne,760427,2,1,
family,Anne,760432,3,1,
oppenheimer,Timo,760428,4,0,
oppenheimer,Timo,760426,2,0,
oppenheimer,Timo,760429,0,2,
oppenheimer,Timo,760427,0,1,
family,Timo,760428,4,0,
family,Timo,760426,2,0,
family,Timo,760429,0,2,
family,Timo,760427,0,1,
family,Rebecca,760428,5,0,
family,Rebecca,760426,3,1,
family,Rebecca,760429,0,2,
family,Rebecca,760427,1,0,
family,Rebecca,760432,3,1,
family,Rebecca,760430,0,2,
family,Rebecca,760433,2,1,
family,Rebecca,760431,2,0,
family,Rebecca,760435,3,0,
family,Rebecca,760437,3,1,
family,Rebecca,760434,2,1,
family,Rebecca,760436,0,2,
family,Rebecca,760438,1,0,
family,Rebecca,760439,2,1,
family,Rebecca,760440,1,2,
family,Rebecca,760441,2,0,
family,Rebecca,760442,2,0,
family,Rebecca,760445,0,2,
family,Rebecca,760444,3,1,
family,Rebecca,760443,1,0,
family,Rebecca,760447,3,2,
family,Rebecca,760448,2,1,
family,Rebecca,760446,1,0,
family,Rebecca,760449,0,2,
family,Rebecca,760453,5,0,
family,Rebecca,760451,3,0,
family,Rebecca,760450,2,0,
family,Rebecca,760452,1,2,
family,Holger,760428,5,0,
family,Holger,760426,3,0,
family,Holger,760429,0,2,
family,Holger,760427,2,1,
oppenheimer,Maike,760428,4,0,
oppenheimer,Maike,760426,2,1,
oppenheimer,Maike,760429,0,2,
oppenheimer,Maike,760427,1,1,
oppenheimer,Dominik,760428,6,0,
oppenheimer,Dominik,760426,3,1,
oppenheimer,Dominik,760429,0,2,
oppenheimer,Dominik,760427,1,0,
oppenheimer,Dominik,760442,2,1,
oppenheimer,Dominik,760445,0,1,
oppenheimer,Dominik,760444,5,0,
oppenheimer,Dominik,760443,2,1,
oppenheimer,Dominik,760447,3,1,
oppenheimer,Dominik,760448,2,1,
oppenheimer,Dominik,760446,4,0,
oppenheimer,Dominik,760449,1,2,
family,Oma,760428,6,0,
family,Oma,760426,2,0,
family,Oma,760429,0,1,
family,Oma,760427,2,1,
family,Marlon,760426,1,0,
family,Marlon,760429,1,2,
family,Marlon,760427,1,1,
family,Marlon,760432,2,0,
family,Marlon,760430,0,2,
family,Marlon,760433,2,0,
family,Marlon,760431,1,0,
family,Marlon,760435,2,0,
family,Marlon,760437,2,1,
family,Marlon,760434,2,1,
family,Marlon,760436,1,2,
family,Marlon,760438,2,1,
oppenheimer,Marlon,760426,1,0,
oppenheimer,Marlon,760429,1,2,
oppenheimer,Marlon,760427,1,1,
oppenheimer,Marlon,760432,2,0,
oppenheimer,Marlon,760430,0,2,
oppenheimer,Marlon,760433,2,0,
oppenheimer,Marlon,760431,1,0,
oppenheimer,Marlon,760435,2,0,
oppenheimer,Marlon,760437,2,1,
oppenheimer,Marlon,760434,2,1,
oppenheimer,Marlon,760436,1,2,
oppenheimer,Marlon,760438,2,1,
family,Miro,760426,2,1,
family,Miro,760429,1,2,
family,Miro,760427,2,1,
oppenheimer,Miro,760426,2,1,
oppenheimer,Miro,760429,1,2,
oppenheimer,Miro,760427,2,1,
oppenheimer,Philipp,760429,0,2,
oppenheimer,Philipp,760427,1,1,
oppenheimer,Philipp,760432,3,0,
oppenheimer,Philipp,760430,1,5,
oppenheimer,Philipp,760433,2,0,
oppenheimer,Philipp,760431,4,0,
oppenheimer,Alex,760429,0,3,
oppenheimer,Alex,760427,2,2,
oppenheimer,Alex,760432,3,1,
oppenheimer,Alex,760430,0,2,
oppenheimer,Alex,760433,2,0,
oppenheimer,Alex,760431,3,0,
oppenheimer,Alex,760435,3,0,
oppenheimer,Alex,760437,2,0,
oppenheimer,Alex,760434,1,0,
oppenheimer,Alex,760436,1,3,
oppenheimer,Timo,760432,2,0,
family,Timo,760432,2,0,
family,Holger,760432,3,1,
family,Holger,760430,0,2,
family,Holger,760433,2,1,
family,Holger,760431,2,0,
oppenheimer,Jörg,760432,2,1,
oppenheimer,Jörg,760430,0,2,
oppenheimer,Jörg,760433,2,1,
oppenheimer,Jörg,760431,2,0,
oppenheimer,Jörg,760435,2,0,
oppenheimer,Jörg,760437,1,1,
oppenheimer,Jörg,760434,2,1,
oppenheimer,Jörg,760436,0,2,
oppenheimer,Jörg,760438,1,1,
oppenheimer,Jörg,760439,2,1,
oppenheimer,Jörg,760440,2,0,
oppenheimer,Jörg,760441,2,1,
oppenheimer,Jörg,760442,2,1,
oppenheimer,Jörg,760445,1,2,
oppenheimer,Jörg,760444,3,0,
oppenheimer,Jörg,760443,2,2,
oppenheimer,Jörg,760447,1,0,
family,Bene,760438,2,2,
family,Bene,760441,2,0,
family,Bene,760439,2,1,
family,Bene,760440,2,0,
family,Bene,760432,2,0,
family,Bene,760430,0,2,
family,Bene,760433,3,2,
family,Bene,760431,2,1,
family,Bene,760435,2,0,
family,Bene,760436,0,1,
family,Bene,760437,2,1,
family,Bene,760434,1,1,
family,Oma,760432,3,1,
family,Oma,760430,0,2,
family,Oma,760433,3,1,
family,Oma,760431,2,0,
oppenheimer,Maike,760432,3,1,
oppenheimer,Maike,760430,0,2,
oppenheimer,Maike,760433,2,1,
oppenheimer,Maike,760431,1,1,
oppenheimer,Maike,760435,2,0,
family,Miro,760432,3,0,
family,Miro,760430,0,2,
family,Miro,760433,2,0,
family,Miro,760431,1,0,
family,Miro,760435,2,0,
family,Miro,760437,2,1,
family,Miro,760434,1,0,
family,Miro,760436,0,2,
oppenheimer,Miro,760432,3,0,
oppenheimer,Miro,760430,0,2,
oppenheimer,Miro,760433,2,0,
oppenheimer,Miro,760431,1,0,
oppenheimer,Miro,760435,2,0,
oppenheimer,Miro,760437,2,1,
oppenheimer,Miro,760434,1,0,
oppenheimer,Miro,760436,0,2,
oppenheimer,Dominik,760432,3,1,
oppenheimer,Dominik,760430,0,2,
oppenheimer,Dominik,760433,2,0,
oppenheimer,Dominik,760431,1,0,
oppenheimer,Dominik,760435,3,0,
oppenheimer,Dominik,760437,2,1,
oppenheimer,Dominik,760434,1,0,
oppenheimer,Dominik,760436,0,2,
oppenheimer,Dominik,760438,1,0,
oppenheimer,Dominik,760439,1,0,
oppenheimer,Dominik,760440,1,0,
oppenheimer,Dominik,760441,1,1,
oppenheimer,Steffi,760432,6,0,
oppenheimer,Steffi,760430,0,4,
oppenheimer,Steffi,760433,5,0,
oppenheimer,Steffi,760431,3,0,
oppenheimer,Steffi,760435,7,0,
oppenheimer,Anne,760430,0,1,
oppenheimer,Anne,760433,3,0,
oppenheimer,Anne,760431,1,0,
oppenheimer,Anne,760435,2,0,
oppenheimer,Anne,760437,1,0,
oppenheimer,Anne,760434,1,1,
oppenheimer,Anne,760436,0,1,
family,Anne,760430,0,1,
family,Anne,760433,3,0,
family,Anne,760431,1,0,
family,Anne,760435,2,0,
family,Anne,760437,1,0,
family,Anne,760434,1,1,
family,Anne,760436,0,1,
oppenheimer,Timo,760430,0,2,
oppenheimer,Timo,760433,3,0,
oppenheimer,Timo,760431,2,1,
family,Timo,760430,0,2,
family,Timo,760433,3,0,
family,Timo,760431,2,1,
oppenheimer,Philipp,760435,3,1,
oppenheimer,Daniel,760435,3,0,
oppenheimer,Daniel,760437,3,0,
oppenheimer,Daniel,760434,1,1,
oppenheimer,Daniel,760436,1,2,
oppenheimer,Daniel,760438,2,0,
oppenheimer,Daniel,760439,3,0,
family,Holger,760435,3,0,
family,Holger,760437,4,2,
family,Holger,760434,2,0,
family,Holger,760436,0,2,
family,Oma,760435,2,0,
family,Oma,760437,2,1,
family,Oma,760434,2,2,
family,Oma,760436,0,3,
oppenheimer,Timo,760435,3,0,
oppenheimer,Timo,760437,2,1,
oppenheimer,Timo,760434,1,0,
oppenheimer,Timo,760436,0,2,
oppenheimer,Timo,760438,1,0,
oppenheimer,Timo,760439,2,1,
oppenheimer,Timo,760440,2,0,
oppenheimer,Timo,760441,1,2,
oppenheimer,Timo,760442,2,1,
oppenheimer,Timo,760445,0,2,
oppenheimer,Timo,760444,3,0,
oppenheimer,Timo,760443,3,1,
family,Timo,760435,3,0,
family,Timo,760437,2,1,
family,Timo,760434,1,0,
family,Timo,760436,0,2,
family,Timo,760438,1,0,
family,Timo,760439,2,1,
family,Timo,760440,2,0,
family,Timo,760441,1,2,
family,Timo,760442,2,1,
family,Timo,760445,0,2,
family,Timo,760444,3,0,
family,Timo,760443,3,1,
oppenheimer,Maike,760437,3,1,
oppenheimer,Maike,760434,1,1,
oppenheimer,Maike,760436,1,2,
oppenheimer,Philipp,760437,1,1,
oppenheimer,Jakob,760437,3,1,
oppenheimer,Jakob,760434,2,1,
oppenheimer,Jakob,760436,0,1,
oppenheimer,Jakob,760438,2,0,
oppenheimer,Jakob,760439,2,0,
oppenheimer,Jakob,760440,1,0,
oppenheimer,Jakob,760441,1,2,
oppenheimer,Jakob,760442,0,1,
oppenheimer,Jakob,760445,0,1,
oppenheimer,Jakob,760444,4,0,
oppenheimer,Jakob,760443,2,0,
oppenheimer,Jakob,760447,3,1,
oppenheimer,Jakob,760448,3,1,
oppenheimer,Jakob,760446,3,0,
oppenheimer,Jakob,760449,1,2,
oppenheimer,Jakob,760453,3,0,
oppenheimer,Jakob,760451,2,0,
oppenheimer,Jakob,760450,2,1,
oppenheimer,Jakob,760452,0,1,
oppenheimer,Jakob,760456,2,1,
oppenheimer,Jakob,760457,3,1,
oppenheimer,Jakob,760454,2,0,
oppenheimer,Jakob,760455,1,2,
oppenheimer,Jakob,760461,2,0,
oppenheimer,Jakob,760458,2,0,
oppenheimer,Jakob,760460,0,3,
oppenheimer,Jakob,760459,2,1,
oppenheimer,Jakob,760462,2,0,
oppenheimer,Jakob,760463,2,0,
oppenheimer,Jakob,760464,2,0,
oppenheimer,Jakob,760465,0,1,
oppenheimer,Jakob,760466,0,2,
oppenheimer,Jakob,760467,2,1,
oppenheimer,Jakob,760468,0,2,
oppenheimer,Jakob,760473,1,4,
oppenheimer,Jakob,760471,1,2,
oppenheimer,Jakob,760472,1,3,
oppenheimer,Jakob,760469,2,0,
oppenheimer,Jakob,760470,3,2,
oppenheimer,Jakob,760474,2,0,
oppenheimer,Jakob,760475,1,2,
oppenheimer,Jakob,760478,0,0,
oppenheimer,Jakob,760479,0,2,
oppenheimer,Jakob,760476,1,1,
oppenheimer,Jakob,760477,1,2,
oppenheimer,Jakob,760480,2,0,
oppenheimer,Jakob,760485,1,3,
oppenheimer,Jakob,760481,1,1,
oppenheimer,Jakob,760482,2,0,
oppenheimer,Jakob,760483,0,2,
oppenheimer,Jakob,760484,0,1,
oppenheimer,Steffi,760437,2,1,
oppenheimer,Steffi,760434,2,1,
oppenheimer,Steffi,760436,0,2,
oppenheimer,Steffi,760438,1,0,
oppenheimer,Steffi,760440,2,0,
oppenheimer,Steffi,760441,2,1,
oppenheimer,Steffi,760442,3,1,
oppenheimer,Steffi,760445,1,2,
oppenheimer,Steffi,760444,3,0,
oppenheimer,Steffi,760443,2,1,
oppenheimer,Philipp,760434,2,1,
oppenheimer,Philipp,760436,1,3,
family,Leo,760438,1,0,
family,Leo,760439,1,0,
family,Leo,760440,1,0,
family,Leo,760441,1,0,
family,Leo,760442,1,0,
family,Leo,760445,0,1,
family,Leo,760444,1,0,
family,Leo,760443,1,0,
family,Leo,760447,1,0,
family,Leo,760448,1,0,
family,Leo,760446,1,0,
family,Leo,760449,0,1,
family,Leo,760453,1,0,
family,Leo,760451,1,0,
family,Leo,760450,1,0,
family,Leo,760452,0,1,
family,Leo,760456,1,0,
family,Leo,760457,1,0,
family,Leo,760454,1,0,
family,Leo,760455,0,1,
family,Leo,760461,1,0,
family,Leo,760458,1,0,
family,Leo,760460,0,1,
family,Leo,760459,1,0,
family,Leo,760462,1,0,
family,Leo,760463,1,0,
family,Leo,760464,1,0,
family,Leo,760465,0,1,
family,Leo,760466,0,1,
family,Leo,760467,0,1,
family,Leo,760468,0,1,
family,Leo,760473,0,1,
family,Leo,760471,1,0,
family,Leo,760472,0,1,
family,Leo,760469,1,0,
family,Leo,760470,0,1,
family,Leo,760474,1,0,
family,Leo,760475,0,1,
family,Leo,760478,0,1,
family,Leo,760479,0,1,
family,Leo,760476,1,0,
family,Leo,760477,0,1,
family,Leo,760480,1,0,
family,Leo,760485,0,1,
family,Leo,760481,0,1,
family,Leo,760482,1,0,
family,Leo,760483,0,1,
family,Leo,760484,0,1,
oppenheimer,Anne,760438,1,0,
oppenheimer,Anne,760439,2,0,
oppenheimer,Anne,760440,2,0,
oppenheimer,Anne,760441,1,1,
oppenheimer,Anne,760442,2,0,
oppenheimer,Anne,760445,0,0,
oppenheimer,Anne,760444,2,0,
oppenheimer,Anne,760443,1,1,
oppenheimer,Anne,760447,2,1,
oppenheimer,Anne,760448,2,0,
oppenheimer,Anne,760446,2,0,
family,Anne,760438,1,0,
family,Anne,760439,2,0,
family,Anne,760440,2,0,
family,Anne,760441,1,1,
family,Anne,760442,2,0,
family,Anne,760445,0,0,
family,Anne,760444,2,0,
family,Anne,760443,1,1,
family,Anne,760447,2,1,
family,Anne,760448,2,0,
family,Anne,760446,2,0,
family,Miro,760438,1,0,
family,Miro,760439,2,0,
family,Miro,760440,2,0,
family,Miro,760441,2,1,
oppenheimer,Miro,760438,1,0,
oppenheimer,Miro,760439,2,0,
oppenheimer,Miro,760440,2,0,
oppenheimer,Miro,760441,2,1,
family,Rebecca,760456,3,1,
family,Rebecca,760457,3,0,
family,Rebecca,760454,2,1,
family,Rebecca,760455,0,1,
family,Rebecca,760461,2,0,
family,Rebecca,760458,3,0,
family,Rebecca,760460,0,2,
family,Rebecca,760459,2,1,
oppenheimer,Philipp,760438,2,1,
oppenheimer,Philipp,760439,2,1,
oppenheimer,Philipp,760440,3,1,
oppenheimer,Philipp,760441,1,1,
oppenheimer,Maike,760438,1,1,
family,Holger,760438,2,0,
family,Holger,760439,1,1,
family,Holger,760440,2,0,
family,Holger,760441,2,2,
family,Nils,760447,2,2,
family,Nils,760448,3,2,
family,Nils,760446,2,1,
family,Nils,760449,1,1,
family,Nils,760453,3,0,
family,Nils,760451,2,1,
family,Nils,760450,1,1,
family,Nils,760452,1,1,
family,Nils,760456,2,0,
family,Nils,760457,4,0,
family,Nils,760454,2,2,
family,Nils,760455,1,1,
family,Oma,760438,3,0,
family,Marlon,760439,1,0,
family,Marlon,760440,2,0,
family,Marlon,760441,2,1,
oppenheimer,Marlon,760439,1,0,
oppenheimer,Marlon,760440,2,0,
oppenheimer,Marlon,760441,2,1,
family,Oma,760439,2,1,
oppenheimer,Maike,760439,3,1,
oppenheimer,Maike,760440,2,0,
oppenheimer,Maike,760441,2,1,
family,Bene,760445,0,1,
family,Bene,760442,2,1,
family,Bene,760443,1,1,
family,Bene,760448,2,1,
family,Bene,760446,2,0,
family,Bene,760447,2,2,
family,Bene,760449,1,1,
family,Bene,760444,2,0,
family,Oma,760440,2,1,
family,Oma,760441,2,2,
oppenheimer,Carina,760440,1,1,
oppenheimer,Carina,760441,2,0,
oppenheimer,Carina,760442,2,1,
oppenheimer,Carina,760445,2,1,
oppenheimer,Carina,760444,1,0,
oppenheimer,Carina,760443,1,0,
oppenheimer,Carina,760447,2,1,
oppenheimer,Carina,760448,2,0,
oppenheimer,Carina,760446,2,1,
oppenheimer,Carina,760449,0,3,
oppenheimer,Daniel,760442,4,0,
oppenheimer,Daniel,760445,2,1,
oppenheimer,Daniel,760444,4,0,
oppenheimer,Daniel,760443,2,1,
oppenheimer,Daniel,760447,3,1,
family,Miro,760442,2,0,
family,Miro,760445,1,2,
family,Miro,760444,3,0,
family,Miro,760443,2,1,
oppenheimer,Miro,760442,2,0,
oppenheimer,Miro,760445,1,2,
oppenheimer,Miro,760444,3,0,
oppenheimer,Miro,760443,2,1,
family,Marlon,760442,1,0,
family,Marlon,760445,1,3,
family,Marlon,760444,2,1,
family,Marlon,760443,2,1,
oppenheimer,Marlon,760442,1,0,
oppenheimer,Marlon,760445,1,3,
oppenheimer,Marlon,760444,2,1,
oppenheimer,Marlon,760443,2,1,
family,Holger,760445,0,2,
family,Holger,760444,4,0,
family,Holger,760442,2,1,
family,Holger,760443,2,1,
family,Oma,760442,2,1,
family,Oma,760445,0,2,
family,Oma,760444,4,0,
family,Oma,760443,2,1,
oppenheimer,Stefan,760442,2,1,
oppenheimer,Stefan,760445,0,1,
oppenheimer,Stefan,760444,4,0,
oppenheimer,Stefan,760443,1,0,
oppenheimer,Stefan,760447,2,1,
oppenheimer,Stefan,760448,2,1,
oppenheimer,Stefan,760446,2,0,
oppenheimer,Stefan,760449,1,2,
oppenheimer,Stefan,760453,3,0,
oppenheimer,Stefan,760451,2,0,
oppenheimer,Stefan,760450,2,0,
oppenheimer,Stefan,760452,1,2,
oppenheimer,Stefan,760456,2,1,
oppenheimer,Stefan,760457,3,0,
oppenheimer,Stefan,760454,1,1,
oppenheimer,Stefan,760455,1,2,
oppenheimer,Stefan,760461,2,0,
oppenheimer,Stefan,760458,2,0,
oppenheimer,Stefan,760460,0,2,
oppenheimer,Stefan,760459,1,0,
oppenheimer,Stefan,760462,2,1,
oppenheimer,Stefan,760463,2,1,
oppenheimer,Stefan,760464,2,0,
oppenheimer,Stefan,760465,0,2,
oppenheimer,Stefan,760466,1,2,
oppenheimer,Stefan,760467,1,2,
oppenheimer,Stefan,760468,0,1,
oppenheimer,Stefan,760473,0,2,
oppenheimer,Stefan,760471,2,1,
oppenheimer,Stefan,760472,0,2,
oppenheimer,Stefan,760469,0,0,
oppenheimer,Stefan,760470,1,1,
oppenheimer,Maike,760442,2,1,
oppenheimer,Maike,760445,1,2,
oppenheimer,Maike,760444,4,0,
oppenheimer,Maike,760443,2,1,
oppenheimer,Maike,760447,2,1,
oppenheimer,Maike,760448,3,1,
oppenheimer,Maike,760446,2,0,
oppenheimer,Maike,760449,1,2,
oppenheimer,Maike,760453,5,0,
oppenheimer,Philipp,760442,3,1,
oppenheimer,Philipp,760445,2,2,
oppenheimer,Philipp,760444,4,1,
oppenheimer,Philipp,760443,3,1,
oppenheimer,Alex,760445,1,2,
oppenheimer,Alex,760444,4,0,
oppenheimer,Alex,760443,1,1,
oppenheimer,Alex,760447,2,2,
family,Bene,760451,3,0,
family,Bene,760452,1,2,
family,Bene,760453,5,0,
family,Bene,760450,2,0,
family,Holger,760447,2,1,
family,Holger,760448,3,1,
family,Holger,760446,3,1,
family,Holger,760449,0,3,
oppenheimer,Timo,760447,2,0,
oppenheimer,Timo,760448,1,2,
oppenheimer,Timo,760446,3,0,
oppenheimer,Timo,760449,0,3,
family,Timo,760447,2,0,
family,Timo,760448,1,2,
family,Timo,760446,3,0,
family,Timo,760449,0,3,
oppenheimer,Philipp,760447,3,1,
oppenheimer,Steffi,760447,2,0,
oppenheimer,Steffi,760448,3,2,
oppenheimer,Steffi,760446,2,0,
oppenheimer,Steffi,760449,1,2,
oppenheimer,Steffi,760453,3,0,
family,Oma,760447,2,1,
family,Oma,760448,4,1,
family,Oma,760446,3,1,
family,Oma,760449,0,2,
family,Miro,760447,1,1,
family,Miro,760448,3,1,
family,Miro,760446,3,0,
family,Miro,760449,1,2,
oppenheimer,Miro,760447,1,1,
oppenheimer,Miro,760448,3,1,
oppenheimer,Miro,760446,3,0,
oppenheimer,Miro,760449,1,2,
family,Marlon,760447,3,1,
family,Marlon,760448,4,0,
family,Marlon,760446,4,0,
family,Marlon,760449,1,3,
oppenheimer,Marlon,760447,3,1,
oppenheimer,Marlon,760448,4,0,
oppenheimer,Marlon,760446,4,0,
oppenheimer,Marlon,760449,1,3,
oppenheimer,Philipp,760448,3,1,
oppenheimer,Daniel,760448,2,1,
oppenheimer,Daniel,760446,3,1,
oppenheimer,Daniel,760449,0,3,
oppenheimer,Daniel,760453,3,0,
oppenheimer,Eike,760448,4,1,
oppenheimer,Eike,760446,1,0,
oppenheimer,Eike,760449,0,1,
oppenheimer,Eike,760453,1,0,
oppenheimer,Eike,760451,1,0,
oppenheimer,Eike,760450,1,0,
oppenheimer,Eike,760452,0,1,
oppenheimer,Eike,760456,1,0,
oppenheimer,Eike,760457,1,0,
oppenheimer,Eike,760454,1,0,
oppenheimer,Eike,760455,0,1,
oppenheimer,Alex,760448,2,1,
oppenheimer,Alex,760446,3,1,
oppenheimer,Alex,760449,1,2,
oppenheimer,Alex,760453,5,0,
oppenheimer,Alex,760451,2,1,
oppenheimer,Alex,760450,2,0,
oppenheimer,Alex,760452,0,1,
oppenheimer,Jörg,760448,2,1,
oppenheimer,Jörg,760446,2,0,
oppenheimer,Jörg,760449,1,2,
oppenheimer,Jörg,760453,2,0,
oppenheimer,Jörg,760451,2,0,
oppenheimer,Jörg,760450,2,0,
oppenheimer,Jörg,760452,1,1,
oppenheimer,Jörg,760456,2,1,
oppenheimer,Jörg,760457,2,0,
oppenheimer,Jörg,760454,1,2,
oppenheimer,Jörg,760455,0,1,
oppenheimer,Jörg,760461,1,0,
oppenheimer,Jörg,760458,2,1,
oppenheimer,Jörg,760460,0,2,
oppenheimer,Jörg,760459,2,0,
oppenheimer,Jörg,760462,2,1,
oppenheimer,Jörg,760463,2,1,
oppenheimer,Jörg,760464,2,0,
oppenheimer,Jörg,760465,0,2,
oppenheimer,Jörg,760466,0,1,
oppenheimer,Jörg,760467,1,2,
oppenheimer,Philipp,760446,4,1,
oppenheimer,Philipp,760449,1,3,
oppenheimer,Philipp,760453,4,1,
oppenheimer,Philipp,760451,1,0,
oppenheimer,Philipp,760450,3,1,
oppenheimer,Philipp,760452,1,3,
oppenheimer,Timo,760453,4,0,
oppenheimer,Timo,760451,2,0,
oppenheimer,Timo,760450,2,0,
oppenheimer,Timo,760452,1,2,
family,Timo,760453,4,0,
family,Timo,760451,2,0,
family,Timo,760450,2,0,
family,Timo,760452,1,2,
family,Holger,760453,5,0,
family,Holger,760451,3,0,
family,Holger,760450,2,0,
family,Holger,760452,0,2,
oppenheimer,Carina,760453,2,1,
oppenheimer,Carina,760451,2,0,
oppenheimer,Carina,760450,2,0,
family,Bene,760457,4,0,
family,Bene,760454,2,1,
family,Bene,760456,2,1,
family,Bene,760455,1,1,
family,Bene,760461,2,0,
family,Bene,760458,2,0,
family,Bene,760460,0,1,
family,Miro,760453,3,0,
oppenheimer,Miro,760453,3,0,
family,Oma,760453,4,0,
family,Oma,760451,2,1,
family,Oma,760450,2,0,
family,Oma,760452,0,2,
family,Marlon,760453,3,0,
family,Marlon,760451,2,1,
family,Marlon,760450,2,1,
family,Marlon,760452,1,1,
oppenheimer,Marlon,760453,3,0,
oppenheimer,Marlon,760451,2,1,
oppenheimer,Marlon,760450,2,1,
oppenheimer,Marlon,760452,1,1,
oppenheimer,Anne,760451,2,1,
family,Anne,760451,2,1,
oppenheimer,Maike,760451,3,0,
oppenheimer,Maike,760450,2,0,
oppenheimer,Maike,760452,0,2,
oppenheimer,Dominik,760451,3,0,
oppenheimer,Dominik,760450,1,0,
oppenheimer,Dominik,760452,1,2,
oppenheimer,Steffi,760451,2,0,
oppenheimer,Steffi,760450,2,0,
oppenheimer,Steffi,760452,1,2,
oppenheimer,Steffi,760456,3,1,
oppenheimer,Daniel,760451,2,0,
oppenheimer,Daniel,760450,2,0,
oppenheimer,Daniel,760452,1,2,
oppenheimer,Daniel,760456,3,1,
oppenheimer,Daniel,760457,5,0,
oppenheimer,Daniel,760454,2,1,
oppenheimer,Daniel,760455,1,2,
oppenheimer,Daniel,760461,3,0,
oppenheimer,Daniel,760458,3,0,
oppenheimer,Daniel,760460,1,3,
oppenheimer,Daniel,760459,3,1,
oppenheimer,Daniel,760462,3,1,
oppenheimer,Daniel,760463,1,2,
oppenheimer,Miro,760451,2,1,
oppenheimer,Miro,760450,2,1,
oppenheimer,Miro,760452,1,1,
oppenheimer,Miro,760456,2,0,
oppenheimer,Miro,760457,3,0,
oppenheimer,Miro,760454,1,1,
oppenheimer,Miro,760455,1,2,
oppenheimer,Miro,760461,2,1,
family,Miro,760451,2,1,
family,Miro,760450,2,1,
family,Miro,760452,1,1,
family,Miro,760456,2,0,
family,Miro,760457,3,0,
family,Miro,760454,1,1,
family,Miro,760455,1,2,
family,Miro,760461,2,1,
oppenheimer,Anne,760450,2,0,
oppenheimer,Anne,760452,0,1,
oppenheimer,Anne,760456,3,1,
oppenheimer,Anne,760457,2,0,
oppenheimer,Anne,760454,1,1,
oppenheimer,Anne,760455,0,1,
oppenheimer,Anne,760461,2,0,
oppenheimer,Anne,760458,4,0,
family,Anne,760450,2,0,
family,Anne,760452,0,1,
family,Anne,760456,3,1,
family,Anne,760457,2,0,
family,Anne,760454,1,1,
family,Anne,760455,0,1,
family,Anne,760461,2,0,
family,Anne,760458,4,0,
oppenheimer,Carina,760452,1,2,
oppenheimer,Carina,760456,3,0,
oppenheimer,Carina,760457,2,0,
oppenheimer,Carina,760454,3,1,
oppenheimer,Carina,760455,1,2,
oppenheimer,Carina,760461,2,0,
oppenheimer,Carina,760458,4,1,
oppenheimer,Carina,760460,0,2,
oppenheimer,Carina,760459,2,0,
oppenheimer,Carina,760462,2,1,
oppenheimer,Carina,760463,2,2,
oppenheimer,Carina,760464,2,0,
oppenheimer,Carina,760465,1,2,
oppenheimer,Carina,760466,1,2,
oppenheimer,Carina,760467,1,2,
oppenheimer,Carina,760468,0,3,
oppenheimer,Carina,760473,0,2,
oppenheimer,Carina,760471,2,1,
oppenheimer,Carina,760472,0,3,
oppenheimer,Alex,760456,2,2,
oppenheimer,Alex,760457,4,0,
oppenheimer,Alex,760454,2,1,
oppenheimer,Alex,760455,0,2,
oppenheimer,Alex,760461,3,0,
oppenheimer,Alex,760458,3,0,
oppenheimer,Alex,760460,1,3,
oppenheimer,Alex,760459,2,1,
oppenheimer,Maike,760456,2,0,
family,Timo,760456,2,0,
family,Timo,760457,4,0,
family,Timo,760454,2,1,
family,Timo,760455,1,2,
oppenheimer,Timo,760456,2,0,
oppenheimer,Timo,760457,4,0,
oppenheimer,Timo,760454,2,1,
oppenheimer,Timo,760455,1,2,
family,Oma,760456,3,1,
family,Oma,760457,5,0,
family,Oma,760454,2,1,
family,Oma,760455,0,2,
family,Holger,760456,3,1,
family,Holger,760457,4,0,
family,Holger,760454,3,2,
family,Holger,760455,0,2,
family,Marlon,760456,2,0,
family,Marlon,760457,4,0,
family,Marlon,760454,2,0,
family,Marlon,760455,0,2,
oppenheimer,Marlon,760456,2,0,
oppenheimer,Marlon,760457,4,0,
oppenheimer,Marlon,760454,2,0,
oppenheimer,Marlon,760455,0,2,
oppenheimer,Dominik,760456,3,1,
oppenheimer,Dominik,760457,4,0,
oppenheimer,Dominik,760454,0,1,
oppenheimer,Dominik,760455,0,1,
oppenheimer,Dominik,760461,2,0,
oppenheimer,Philipp,760456,4,2,
oppenheimer,Philipp,760457,6,0,
oppenheimer,Philipp,760454,2,1,
oppenheimer,Philipp,760455,0,3,
oppenheimer,Philipp,760461,3,1,
oppenheimer,Philipp,760458,5,1,
oppenheimer,Philipp,760460,1,3,
oppenheimer,Philipp,760459,3,1,
oppenheimer,Steffi,760457,5,0,
oppenheimer,Steffi,760454,2,1,
oppenheimer,Steffi,760455,1,2,
oppenheimer,Steffi,760461,3,0,
oppenheimer,Steffi,760458,4,0,
oppenheimer,Maike,760457,4,0,
oppenheimer,Maike,760454,2,1,
oppenheimer,Maike,760455,0,2,
family,Bene,760466,0,1,
family,Bene,760467,1,2,
family,Bene,760462,3,1,
family,Bene,760463,2,2,
family,Bene,760464,2,0,
family,Bene,760465,1,2,
family,Bene,760459,3,2,
family,Nils,760466,2,0,
family,Nils,760467,0,2,
family,Nils,760462,1,1,
family,Nils,760463,3,1,
family,Nils,760464,2,0,
family,Nils,760465,0,3,
family,Nils,760461,2,0,
family,Nils,760459,3,0,
family,Nils,760458,4,0,
family,Nils,760460,2,0,
family,Holger,760461,2,0,
family,Holger,760458,4,0,
family,Holger,760460,0,2,
family,Holger,760459,2,1,
family,Rebecca,760462,1,0,
family,Rebecca,760463,2,1,
family,Rebecca,760464,3,0,
family,Rebecca,760465,1,3,
family,Rebecca,760466,1,2,
family,Rebecca,760467,0,2,
family,Rebecca,760468,0,2,
family,Rebecca,760473,0,3,
family,Rebecca,760471,2,0,
family,Rebecca,760472,0,4,
family,Rebecca,760469,2,1,
family,Rebecca,760470,0,2,
family,Rebecca,760474,2,0,
family,Rebecca,760475,1,3,
family,Rebecca,760478,2,1,
family,Rebecca,760479,1,3,
family,Rebecca,760476,2,0,
family,Rebecca,760477,0,3,
family,Rebecca,760480,2,0,
family,Rebecca,760485,1,4,
family,Rebecca,760481,1,2,
family,Rebecca,760482,1,1,
family,Rebecca,760483,0,4,
family,Rebecca,760484,1,1,
family,Marlon,760461,3,0,
family,Marlon,760458,3,0,
family,Marlon,760460,1,2,
family,Marlon,760459,2,1,
oppenheimer,Marlon,760461,3,0,
oppenheimer,Marlon,760458,3,0,
oppenheimer,Marlon,760460,1,2,
oppenheimer,Marlon,760459,2,1,
oppenheimer,Maike,760461,3,0,
family,Oma,760461,2,0,
family,Oma,760458,4,2,
family,Oma,760460,1,2,
family,Oma,760459,2,1,
oppenheimer,Timo,760461,3,0,
oppenheimer,Timo,760458,3,0,
oppenheimer,Timo,760460,0,2,
oppenheimer,Timo,760459,1,0,
family,Timo,760461,3,0,
family,Timo,760458,3,0,
family,Timo,760460,0,2,
family,Timo,760459,1,0,
oppenheimer,Maike,760458,3,1,
oppenheimer,Maike,760460,0,2,
oppenheimer,Maike,760459,2,1,
oppenheimer,Dominik,760458,2,1,
oppenheimer,Dominik,760460,0,2,
oppenheimer,Dominik,760459,2,0,
oppenheimer,Dominik,760462,2,0,
oppenheimer,Dominik,760463,1,0,
oppenheimer,Dominik,760464,3,0,
oppenheimer,Dominik,760465,1,3,
oppenheimer,Dominik,760466,1,3,
oppenheimer,Dominik,760467,0,1,
oppenheimer,Dominik,760468,1,2,
oppenheimer,Dominik,760473,0,5,
family,Miro,760458,3,0,
family,Miro,760460,0,2,
family,Miro,760459,2,1,
family,Miro,760462,1,0,
family,Miro,760463,1,0,
oppenheimer,Miro,760458,3,0,
oppenheimer,Miro,760460,0,2,
oppenheimer,Miro,760459,2,1,
oppenheimer,Miro,760462,1,0,
oppenheimer,Miro,760463,1,0,
oppenheimer,Anne,760460,1,1,
oppenheimer,Anne,760459,2,0,
oppenheimer,Anne,760462,2,1,
oppenheimer,Anne,760463,1,1,
oppenheimer,Anne,760464,2,0,
oppenheimer,Anne,760465,0,2,
oppenheimer,Anne,760466,0,1,
oppenheimer,Anne,760467,0,1,
oppenheimer,Anne,760468,1,2,
oppenheimer,Anne,760473,0,1,
oppenheimer,Anne,760471,2,1,
oppenheimer,Anne,760472,0,1,
oppenheimer,Anne,760469,1,1,
oppenheimer,Anne,760470,0,2,
family,Anne,760460,1,1,
family,Anne,760459,2,0,
family,Anne,760462,2,1,
family,Anne,760463,1,1,
family,Anne,760464,2,0,
family,Anne,760465,0,2,
family,Anne,760466,0,1,
family,Anne,760467,0,1,
family,Anne,760468,1,2,
family,Anne,760473,0,1,
family,Anne,760471,2,1,
family,Anne,760472,0,1,
family,Anne,760469,1,1,
family,Anne,760470,0,2,
family,Oma,760462,2,1,
family,Oma,760463,2,1,
family,Oma,760464,2,0,
family,Oma,760465,1,3,
family,Oma,760466,1,2,
family,Oma,760467,2,2,
oppenheimer,Maike,760462,0,0,
oppenheimer,Maike,760463,2,1,
oppenheimer,Maike,760464,2,0,
oppenheimer,Maike,760465,1,3,
oppenheimer,Maike,760466,0,2,
oppenheimer,Maike,760467,0,2,
oppenheimer,Timo,760462,2,0,
oppenheimer,Timo,760463,2,1,
oppenheimer,Timo,760464,2,0,
oppenheimer,Timo,760465,0,2,
oppenheimer,Timo,760466,0,2,
oppenheimer,Timo,760467,2,1,
family,Timo,760462,2,0,
family,Timo,760463,2,1,
family,Timo,760464,2,0,
family,Timo,760465,0,2,
family,Timo,760466,0,2,
family,Timo,760467,2,1,
family,Marlon,760462,3,1,
family,Marlon,760463,2,2,
family,Marlon,760464,3,0,
family,Marlon,760465,0,5,
family,Marlon,760466,2,2,
family,Marlon,760467,1,2,
oppenheimer,Marlon,760462,3,1,
oppenheimer,Marlon,760463,2,2,
oppenheimer,Marlon,760464,3,0,
oppenheimer,Marlon,760465,0,5,
oppenheimer,Marlon,760466,2,2,
oppenheimer,Marlon,760467,1,2,
family,Holger,760462,2,0,
family,Holger,760463,1,2,
family,Holger,760464,2,0,
family,Holger,760465,0,2,
family,Holger,760466,1,2,
family,Holger,760467,1,2,
oppenheimer,Daniel,760464,3,0,
oppenheimer,Daniel,760465,1,2,
oppenheimer,Daniel,760466,1,2,
oppenheimer,Daniel,760467,1,2,
oppenheimer,Daniel,760468,0,4,
oppenheimer,Daniel,760473,0,4,
oppenheimer,Daniel,760471,0,1,
oppenheimer,Daniel,760472,0,5,
oppenheimer,Daniel,760469,2,1,
oppenheimer,Daniel,760470,2,1,
oppenheimer,Daniel,760474,3,0,
oppenheimer,Daniel,760475,2,1,
oppenheimer,Steffi,760464,3,1,
oppenheimer,Steffi,760465,1,2,
oppenheimer,Steffi,760466,1,2,
oppenheimer,Steffi,760467,1,2,
oppenheimer,Steffi,760468,1,2,
oppenheimer,Steffi,760473,0,4,
oppenheimer,Steffi,760471,2,1,
oppenheimer,Steffi,760472,0,3,
oppenheimer,Steffi,760469,3,2,
oppenheimer,Steffi,760470,1,2,
oppenheimer,Steffi,760474,3,0,
oppenheimer,Steffi,760475,1,3,
oppenheimer,Steffi,760478,2,2,
oppenheimer,Steffi,760479,1,2,
oppenheimer,Steffi,760476,1,1,
oppenheimer,Steffi,760477,1,4,
oppenheimer,Steffi,760480,2,1,
oppenheimer,Steffi,760485,0,5,
oppenheimer,Steffi,760481,1,2,
oppenheimer,Steffi,760482,2,1,
oppenheimer,Steffi,760483,0,3,
oppenheimer,Steffi,760484,1,1,
oppenheimer,Philipp,760464,3,1,
oppenheimer,Philipp,760465,1,5,
oppenheimer,Philipp,760466,1,3,
oppenheimer,Philipp,760467,1,3,
oppenheimer,Philipp,760468,1,5,
family,Nils,760469,1,2,
family,Nils,760470,0,2,
family,Nils,760468,1,2,
family,Nils,760473,0,2,
family,Nils,760471,1,0,
family,Nils,760472,0,2,
family,Bene,760469,2,2,
family,Bene,760470,1,2,
family,Bene,760468,1,3,
family,Bene,760473,0,2,
family,Bene,760471,2,1,
family,Bene,760472,0,2,
family,Bene,760476,2,1,
family,Bene,760477,1,3,
family,Bene,760478,1,1,
family,Bene,760479,1,2,
family,Bene,760474,3,1,
family,Bene,760475,1,2,
oppenheimer,Eike,760468,0,3,
oppenheimer,Eike,760473,0,1,
oppenheimer,Eike,760471,1,0,
oppenheimer,Eike,760472,0,1,
oppenheimer,Eike,760469,1,0,
oppenheimer,Eike,760470,0,1,
oppenheimer,Eike,760474,1,0,
oppenheimer,Eike,760475,0,1,
oppenheimer,Eike,760478,1,0,
oppenheimer,Eike,760479,0,1,
oppenheimer,Eike,760476,1,0,
oppenheimer,Eike,760477,0,1,
oppenheimer,Eike,760480,1,0,
oppenheimer,Eike,760485,0,1,
family,Holger,760468,0,3,
family,Holger,760473,0,2,
family,Holger,760471,3,1,
family,Holger,760472,0,4,
family,Holger,760469,1,0,
family,Holger,760470,1,2,
family,Oma,760468,1,3,
family,Oma,760473,0,2,
family,Oma,760471,3,1,
family,Oma,760472,0,2,
family,Oma,760469,2,0,
family,Oma,760470,2,2,
oppenheimer,Maike,760468,1,3,
oppenheimer,Maike,760473,1,2,
oppenheimer,Maike,760471,2,1,
oppenheimer,Maike,760472,1,3,
oppenheimer,Maike,760469,1,1,
oppenheimer,Maike,760470,1,2,
oppenheimer,Marlon,760468,1,3,
oppenheimer,Marlon,760473,0,3,
oppenheimer,Marlon,760471,2,1,
oppenheimer,Marlon,760472,0,3,
oppenheimer,Marlon,760469,2,1,
oppenheimer,Marlon,760470,1,2,
family,Marlon,760468,1,3,
family,Marlon,760473,0,3,
family,Marlon,760471,2,1,
family,Marlon,760472,0,3,
family,Marlon,760469,2,1,
family,Marlon,760470,1,2,
oppenheimer,Jörg,760468,2,1,
oppenheimer,Jörg,760473,0,2,
oppenheimer,Timo,760468,1,2,
oppenheimer,Timo,760473,0,3,
oppenheimer,Timo,760471,2,1,
oppenheimer,Timo,760472,0,4,
oppenheimer,Timo,760469,2,1,
oppenheimer,Timo,760470,1,2,
family,Timo,760468,1,2,
family,Timo,760473,0,3,
family,Timo,760471,2,1,
family,Timo,760472,0,4,
family,Timo,760469,2,1,
family,Timo,760470,1,2,
family,Miro,760468,1,1,
family,Miro,760473,0,3,
family,Miro,760471,2,1,
family,Miro,760472,0,2,
family,Miro,760469,1,1,
family,Miro,760470,1,2,
family,Miro,760474,2,0,
family,Miro,760475,0,2,
family,Miro,760478,1,1,
family,Miro,760479,1,2,
family,Miro,760476,1,1,
family,Miro,760477,0,2,
family,Miro,760480,2,0,
family,Miro,760485,0,3,
family,Miro,760481,1,2,
family,Miro,760482,1,0,
family,Miro,760483,0,2,
family,Miro,760484,1,2,
oppenheimer,Miro,760468,1,1,
oppenheimer,Miro,760473,0,3,
oppenheimer,Miro,760471,2,1,
oppenheimer,Miro,760472,0,2,
oppenheimer,Miro,760469,1,1,
oppenheimer,Miro,760470,1,2,
oppenheimer,Miro,760474,2,0,
oppenheimer,Miro,760475,0,2,
oppenheimer,Miro,760478,1,1,
oppenheimer,Miro,760479,1,2,
oppenheimer,Miro,760476,1,1,
oppenheimer,Miro,760477,0,2,
oppenheimer,Miro,760480,2,0,
oppenheimer,Miro,760485,0,3,
oppenheimer,Miro,760481,1,2,
oppenheimer,Miro,760482,1,0,
oppenheimer,Miro,760483,0,2,
oppenheimer,Miro,760484,1,2,
oppenheimer,Philipp,760471,1,3,
oppenheimer,Philipp,760472,1,4,
oppenheimer,Philipp,760469,1,1,
oppenheimer,Philipp,760470,1,3,
oppenheimer,Philipp,760474,3,1,
oppenheimer,Philipp,760475,2,1,
oppenheimer,Philipp,760478,1,2,
oppenheimer,Philipp,760479,1,3,
oppenheimer,Philipp,760476,2,1,
oppenheimer,Philipp,760477,1,3,
oppenheimer,Philipp,760480,2,1,
oppenheimer,Philipp,760485,1,3,
oppenheimer,Dominik,760471,3,1,
oppenheimer,Dominik,760472,1,4,
oppenheimer,Dominik,760469,2,1,
oppenheimer,Dominik,760470,3,1,
oppenheimer,Jörg,760469,2,1,
oppenheimer,Jörg,760470,2,2,
oppenheimer,Jörg,760471,1,1,
oppenheimer,Jörg,760472,0,2,
oppenheimer,Jörg,760476,1,0,
oppenheimer,Jörg,760477,0,2,
oppenheimer,Jörg,760478,2,2,
oppenheimer,Jörg,760479,2,3,
oppenheimer,Jörg,760474,2,0,
oppenheimer,Jörg,760475,0,2,
oppenheimer,Carina,760469,2,2,
oppenheimer,Carina,760470,0,2,
oppenheimer,Carina,760474,3,0,
oppenheimer,Carina,760475,1,2,
family,Holger,760474,2,0,
family,Holger,760475,2,2,
family,Holger,760478,2,1,
family,Holger,760479,0,3,
family,Holger,760476,2,1,
family,Holger,760477,0,2,
family,Oma,760474,2,0,
family,Oma,760475,1,3,
family,Oma,760478,2,2,
family,Oma,760479,1,3,
family,Oma,760476,1,1,
family,Oma,760477,0,2,
family,Oma,760480,1,0,
family,Oma,760485,0,2,
family,Oma,760481,1,2,
family,Oma,760482,2,1,
family,Oma,760483,0,2,
family,Oma,760484,1,2,
family,Bene,760483,0,4,
family,Bene,760484,2,1,
family,Bene,760481,1,2,
family,Bene,760482,2,0,
family,Bene,760480,2,1,
family,Bene,760485,1,3,
family,Nils,760474,2,0,
family,Nils,760475,2,3,
family,Nils,760478,1,1,
family,Nils,760479,0,2,
family,Nils,760476,1,1,
family,Nils,760477,1,2,
family,Nils,760480,2,1,
family,Nils,760485,0,3,
family,Nils,760481,1,2,
family,Nils,760482,1,1,
family,Nils,760483,0,2,
family,Nils,760484,0,2,
family,Leo,760486,0,1,
family,Leo,760487,1,0,
family,Leo,760489,1,0,
family,Leo,760488,1,0,
family,Leo,760490,0,1,
family,Leo,760494,1,0,
family,Marlon,760474,3,0,
family,Marlon,760475,1,2,
family,Marlon,760478,2,2,
family,Marlon,760479,0,3,
family,Marlon,760476,2,1,
family,Marlon,760477,0,4,
family,Marlon,760480,2,1,
family,Marlon,760485,0,4,
family,Marlon,760481,1,4,
family,Marlon,760482,2,1,
family,Marlon,760483,0,4,
family,Marlon,760484,3,3,
family,Marlon,760486,1,3,
family,Marlon,760487,5,0,
family,Marlon,760489,3,1,
family,Marlon,760488,2,1,
oppenheimer,Marlon,760474,3,0,
oppenheimer,Marlon,760475,1,2,
oppenheimer,Marlon,760478,2,2,
oppenheimer,Marlon,760479,0,3,
oppenheimer,Marlon,760476,2,1,
oppenheimer,Marlon,760477,0,4,
oppenheimer,Marlon,760480,2,1,
oppenheimer,Marlon,760485,0,4,
oppenheimer,Marlon,760481,1,4,
oppenheimer,Marlon,760482,2,1,
oppenheimer,Marlon,760483,0,4,
oppenheimer,Marlon,760484,3,3,
oppenheimer,Marlon,760486,1,3,
oppenheimer,Marlon,760487,5,0,
oppenheimer,Marlon,760489,3,1,
oppenheimer,Marlon,760488,2,1,
oppenheimer,Alex,760474,2,0,
oppenheimer,Alex,760475,1,2,
oppenheimer,Alex,760478,1,1,
oppenheimer,Alex,760479,1,3,
oppenheimer,Alex,760476,1,0,
oppenheimer,Alex,760477,0,3,
oppenheimer,Alex,760480,2,1,
oppenheimer,Alex,760485,0,3,
oppenheimer,Alex,760481,1,2,
oppenheimer,Alex,760482,1,1,
oppenheimer,Alex,760483,0,4,
oppenheimer,Alex,760484,1,2,
oppenheimer,Stefan,760474,2,0,
oppenheimer,Stefan,760475,1,2,
oppenheimer,Stefan,760478,1,1,
oppenheimer,Stefan,760479,1,3,
oppenheimer,Stefan,760476,2,1,
oppenheimer,Stefan,760477,0,2,
oppenheimer,Dominik,760474,2,0,
oppenheimer,Dominik,760475,1,3,
oppenheimer,Dominik,760478,0,0,
oppenheimer,Dominik,760479,0,2,
oppenheimer,Dominik,760476,1,0,
oppenheimer,Dominik,760477,0,2,
oppenheimer,Dominik,760480,1,1,
oppenheimer,Dominik,760485,0,3,
oppenheimer,Dominik,760481,1,1,
oppenheimer,Dominik,760482,1,0,
oppenheimer,Dominik,760483,0,3,
oppenheimer,Dominik,760484,0,1,
oppenheimer,Maike,760474,2,0,
oppenheimer,Maike,760475,1,2,
oppenheimer,Maike,760478,1,1,
oppenheimer,Maike,760479,1,3,
oppenheimer,Maike,760476,2,1,
oppenheimer,Maike,760477,1,2,
oppenheimer,Timo,760474,2,0,
oppenheimer,Timo,760475,0,3,
oppenheimer,Timo,760478,1,2,
oppenheimer,Timo,760479,0,2,
oppenheimer,Timo,760476,2,1,
oppenheimer,Timo,760477,0,2,
family,Timo,760474,2,0,
family,Timo,760475,0,3,
family,Timo,760478,1,2,
family,Timo,760479,0,2,
family,Timo,760476,2,1,
family,Timo,760477,0,2,
oppenheimer,Daniel,760478,2,1,
oppenheimer,Daniel,760479,1,3,
oppenheimer,Daniel,760476,2,1,
oppenheimer,Daniel,760477,1,3,
oppenheimer,Daniel,760480,3,1,
oppenheimer,Daniel,760485,0,4,
oppenheimer,Carina,760478,2,1,
oppenheimer,Carina,760479,0,2,
oppenheimer,Carina,760476,1,0,
oppenheimer,Carina,760477,0,3,
oppenheimer,Carina,760480,2,1,
oppenheimer,Carina,760485,0,3,
oppenheimer,Carina,760481,1,2,
oppenheimer,Carina,760482,2,0,
oppenheimer,Carina,760483,0,3,
oppenheimer,Carina,760484,1,2,
oppenheimer,Carina,760486,1,2,
oppenheimer,Timo,760480,1,0,
oppenheimer,Timo,760485,0,3,
oppenheimer,Timo,760481,1,2,
oppenheimer,Timo,760482,1,0,
oppenheimer,Timo,760483,0,4,
oppenheimer,Timo,760484,1,2,
family,Timo,760480,1,0,
family,Timo,760485,0,3,
family,Timo,760481,1,2,
family,Timo,760482,1,0,
family,Timo,760483,0,4,
family,Timo,760484,1,2,
oppenheimer,Jan,760486,0,2,
oppenheimer,Jan,760487,3,1,
oppenheimer,Jan,760489,5,1,
oppenheimer,Jan,760488,1,0,
oppenheimer,Jan,760490,1,2,
oppenheimer,Jan,760492,2,0,
family,Holger,760480,2,1,
family,Holger,760485,0,3,
family,Holger,760481,1,2,
family,Holger,760482,1,0,
family,Holger,760483,0,3,
family,Holger,760484,1,2,
oppenheimer,Jörg,760480,2,1,
oppenheimer,Jörg,760485,0,1,
oppenheimer,Jörg,760481,2,2,
oppenheimer,Jörg,760482,1,2,
oppenheimer,Jörg,760483,0,3,
oppenheimer,Jörg,760484,1,1,
oppenheimer,Jörg,760486,0,1,
oppenheimer,Jörg,760487,2,0,
oppenheimer,Jörg,760489,2,1,
oppenheimer,Jörg,760488,2,1,
oppenheimer,Jörg,760490,0,1,
oppenheimer,Jörg,760492,3,0,
oppenheimer,Jörg,760494,2,0,
oppenheimer,Maike,760480,2,1,
oppenheimer,Maike,760485,0,2,
oppenheimer,Maike,760481,1,2,
oppenheimer,Maike,760482,2,1,
oppenheimer,Maike,760483,1,4,
oppenheimer,Maike,760484,1,2,
oppenheimer,Stefan,760480,2,1,
oppenheimer,Stefan,760485,0,3,
oppenheimer,Stefan,760481,1,2,
oppenheimer,Stefan,760482,1,0,
oppenheimer,Stefan,760483,0,3,
oppenheimer,Stefan,760484,1,1,
oppenheimer,Daniel,760481,1,2,
oppenheimer,Daniel,760482,2,1,
oppenheimer,Daniel,760483,0,2,
oppenheimer,Daniel,760484,1,3,
oppenheimer,Philipp,760481,1,3,
oppenheimer,Philipp,760482,2,1,
oppenheimer,Philipp,760483,1,4,
oppenheimer,Philipp,760484,1,1,
oppenheimer,Philipp,760486,1,2,
oppenheimer,Philipp,760487,3,1,
oppenheimer,Philipp,760488,2,1,
oppenheimer,Philipp,760490,1,2,
oppenheimer,Philipp,760492,4,1,
family,Anne,760486,0,2,
family,Anne,760487,2,1,
family,Anne,760489,1,0,
family,Anne,760488,0,0,home
oppenheimer,Anne,760486,0,2,
oppenheimer,Anne,760487,2,1,
oppenheimer,Anne,760489,1,0,
oppenheimer,Anne,760488,0,0,home
family,Rebecca,760486,1,2,
family,Rebecca,760487,2,1,
family,Rebecca,760489,3,1,
family,Rebecca,760488,5,4,
family,Rebecca,760490,0,2,
family,Rebecca,760492,3,0,
family,Rebecca,760491,2,0,
family,Rebecca,760495,2,0,
family,Rebecca,760493,2,1,
family,Rebecca,760494,2,0,
family,Rebecca,760497,1,0,
family,Rebecca,760496,0,1,
family,Rebecca,760498,5,4,
family,Rebecca,760499,0,2,
family,Rebecca,760500,4,0,
family,Rebecca,760501,3,1,
family,Leo,760492,1,0,
family,Leo,760491,1,0,
family,Leo,760495,1,0,
family,Leo,760493,1,0,
family,Leo,760497,1,0,
family,Leo,760496,0,1,
family,Leo,760498,1,0,
family,Leo,760499,0,1,
family,Leo,760500,1,0,
family,Leo,760501,1,0,
family,Nils,760486,0,2,
family,Nils,760487,2,0,
family,Nils,760489,2,1,
family,Nils,760488,2,1,
family,Nils,760490,4,5,
family,Nils,760492,3,0,
family,Nils,760491,2,1,
family,Nils,760495,2,0,
family,Nils,760493,2,1,
family,Nils,760494,2,1,
family,Nils,760497,2,1,
family,Nils,760496,5,4,
family,Nils,760498,2,0,
family,Nils,760499,1,2,
family,Nils,760500,2,0,
family,Nils,760501,2,0,
family,Bene,760486,1,2,
family,Bene,760487,3,1,
family,Bene,760489,3,1,
family,Bene,760488,2,1,
family,Bene,760490,0,1,
family,Bene,760492,4,1,
oppenheimer,Dominik,760486,0,1,
oppenheimer,Dominik,760487,3,1,
oppenheimer,Dominik,760489,3,1,
oppenheimer,Dominik,760488,2,1,
oppenheimer,Dominik,760490,1,0,
oppenheimer,Dominik,760492,3,1,
oppenheimer,Timo,760486,0,2,
oppenheimer,Timo,760487,2,1,
oppenheimer,Timo,760489,2,0,
oppenheimer,Timo,760488,2,1,
family,Timo,760486,0,2,
family,Timo,760487,2,1,
family,Timo,760489,2,0,
family,Timo,760488,2,1,
family,Oma,760486,1,2,
family,Holger,760486,1,2,
family,Holger,760487,2,1,
family,Holger,760489,3,1,
family,Holger,760488,2,3,
family,Holger,760490,1,3,
family,Holger,760492,2,0,
family,Holger,760491,2,2,away
family,Holger,760495,3,0,
oppenheimer,Maike,760486,1,2,
oppenheimer,Stefan,760486,1,2,
oppenheimer,Stefan,760487,2,1,
oppenheimer,Stefan,760489,2,0,
oppenheimer,Stefan,760488,1,1,home
oppenheimer,Daniel,760486,1,2,
oppenheimer,Daniel,760487,2,1,
oppenheimer,Daniel,760489,1,0,
oppenheimer,Daniel,760488,2,0,
oppenheimer,Daniel,760490,0,2,
oppenheimer,Daniel,760492,3,1,
oppenheimer,Daniel,760491,2,1,
oppenheimer,Daniel,760495,3,1,
oppenheimer,Daniel,760493,2,1,
oppenheimer,Daniel,760494,2,1,
oppenheimer,Daniel,760497,3,0,
oppenheimer,Daniel,760496,2,1,
oppenheimer,Daniel,760498,2,1,
oppenheimer,Daniel,760499,1,0,
oppenheimer,Miro,760486,0,2,
oppenheimer,Miro,760487,2,1,
oppenheimer,Miro,760489,2,0,
oppenheimer,Miro,760488,1,1,home
oppenheimer,Miro,760490,1,1,away
oppenheimer,Miro,760492,2,0,
oppenheimer,Miro,760491,1,0,
oppenheimer,Miro,760495,2,0,
oppenheimer,Miro,760493,2,1,
oppenheimer,Miro,760494,1,0,
oppenheimer,Miro,760497,2,0,
oppenheimer,Miro,760496,2,1,
oppenheimer,Miro,760498,1,0,
oppenheimer,Miro,760499,1,1,home
oppenheimer,Miro,760500,2,0,
oppenheimer,Miro,760501,1,0,
family,Miro,760486,0,2,
family,Miro,760487,2,1,
family,Miro,760489,2,0,
family,Miro,760488,1,1,home
family,Miro,760490,1,1,away
family,Miro,760492,2,0,
family,Miro,760491,1,0,
family,Miro,760495,2,0,
family,Miro,760493,2,1,
family,Miro,760494,1,0,
family,Miro,760497,2,0,
family,Miro,760496,2,1,
family,Miro,760498,1,0,
family,Miro,760499,1,1,home
family,Miro,760500,2,0,
family,Miro,760501,1,0,
oppenheimer,Alex,760486,0,1,
oppenheimer,Alex,760487,2,1,
oppenheimer,Alex,760489,2,1,
oppenheimer,Alex,760488,2,1,
oppenheimer,Alex,760490,1,2,
oppenheimer,Alex,760492,2,0,
oppenheimer,Alex,760491,1,0,
oppenheimer,Jan,760491,1,0,
oppenheimer,Jan,760495,2,0,
oppenheimer,Jan,760493,2,0,
oppenheimer,Jan,760494,2,0,
oppenheimer,Jan,760497,3,0,
oppenheimer,Jan,760496,2,1,
oppenheimer,Jan,760498,2,1,
oppenheimer,Jan,760499,1,1,away
oppenheimer,Jan,760500,3,0,
oppenheimer,Jan,760501,1,0,
oppenheimer,Maike,760487,2,1,
oppenheimer,Eike,760489,3,1,
oppenheimer,Eike,760488,2,1,
oppenheimer,Eike,760490,1,2,
oppenheimer,Eike,760492,3,0,
oppenheimer,Eike,760491,1,2,
oppenheimer,Eike,760495,4,0,
oppenheimer,Eike,760493,2,0,
oppenheimer,Eike,760494,2,0,
oppenheimer,Eike,760487,0,1,
oppenheimer,Eike,760497,2,1,
oppenheimer,Eike,760496,3,1,
oppenheimer,Eike,760498,2,0,
oppenheimer,Eike,760499,1,0,
oppenheimer,Eike,760500,3,0,
oppenheimer,Eike,760501,0,1,
oppenheimer,Eike,760502,1,0,
family,Oma,760487,2,1,
oppenheimer,Carina,760487,3,2,
oppenheimer,Carina,760489,3,2,
oppenheimer,Carina,760488,3,1,
oppenheimer,Carina,760490,1,2,
oppenheimer,Maike,760489,2,1,
oppenheimer,Maike,760488,2,0,
family,Oma,760489,3,0,
family,Oma,760488,2,1,
family,Oma,760490,2,3,
family,Oma,760492,4,1,
family,Oma,760491,2,2,away
oppenheimer,Philipp,760489,3,2,
family,Bene,760491,2,1,
family,Bene,760495,3,0,
family,Bene,760493,1,0,
family,Bene,760494,3,1,
oppenheimer,Jakob,760488,2,0,
oppenheimer,Jakob,760490,1,0,
oppenheimer,Jakob,760492,3,0,
oppenheimer,Jakob,760491,2,1,
oppenheimer,Jakob,760495,3,0,
oppenheimer,Jakob,760494,0,1,
oppenheimer,Jakob,760497,1,0,
oppenheimer,Jakob,760496,2,0,
family,Marlon,760490,2,2,away
family,Marlon,760492,4,0,
family,Marlon,760491,2,1,
oppenheimer,Marlon,760490,2,2,away
oppenheimer,Marlon,760492,4,0,
oppenheimer,Marlon,760491,2,1,
family,Anne,760490,1,1,away
family,Anne,760492,2,1,
family,Anne,760491,1,0,
family,Anne,760495,2,0,
family,Anne,760493,1,1,away
family,Anne,760494,2,1,
oppenheimer,Anne,760490,1,1,away
oppenheimer,Anne,760492,2,1,
oppenheimer,Anne,760491,1,0,
oppenheimer,Anne,760495,2,0,
oppenheimer,Anne,760493,1,1,away
oppenheimer,Anne,760494,2,1,
oppenheimer,Stefan,760490,1,2,
oppenheimer,Stefan,760492,3,1,
oppenheimer,Stefan,760491,1,1,away
oppenheimer,Stefan,760495,2,0,
oppenheimer,Stefan,760493,2,1,
oppenheimer,Stefan,760494,2,1,
oppenheimer,Timo,760490,1,2,
oppenheimer,Timo,760492,3,0,
oppenheimer,Timo,760491,2,1,
family,Timo,760490,1,2,
family,Timo,760492,3,0,
family,Timo,760491,2,1,
oppenheimer,Maike,760490,1,2,
oppenheimer,Maike,760492,3,0,
oppenheimer,Maike,760491,2,1,
oppenheimer,Carina,760492,3,1,
oppenheimer,Carina,760491,2,1,
oppenheimer,Carina,760495,3,1,
oppenheimer,Carina,760493,2,1,
oppenheimer,Carina,760494,3,0,
oppenheimer,Carina,760497,2,0,
oppenheimer,Carina,760496,1,0,
oppenheimer,Carina,760498,1,1,home
oppenheimer,Carina,760499,0,2,
oppenheimer,Alex,760495,2,0,
oppenheimer,Alex,760493,1,2,
oppenheimer,Alex,760494,3,1,
oppenheimer,Alex,760497,2,0,
oppenheimer,Alex,760496,2,1,
oppenheimer,Alex,760498,2,1,
oppenheimer,Alex,760499,1,2,
oppenheimer,Alex,760500,4,0,
oppenheimer,Alex,760501,2,1,
oppenheimer,Alex,760502,1,2,
family,Bene,760497,3,1,
family,Bene,760496,2,1,
family,Bene,760498,1,0,
oppenheimer,Jörg,760491,3,1,
oppenheimer,Jörg,760495,2,0,
oppenheimer,Jörg,760493,2,2,home
oppenheimer,Jörg,760497,2,0,
oppenheimer,Jörg,760496,1,0,
oppenheimer,Jörg,760498,1,0,
oppenheimer,Dominik,760495,4,1,
oppenheimer,Dominik,760493,2,1,
oppenheimer,Dominik,760494,3,1,
oppenheimer,Dominik,760497,3,1,
oppenheimer,Dominik,760496,1,0,
oppenheimer,Dominik,760498,1,0,
family,Oma,760495,3,1,
family,Oma,760493,2,1,
oppenheimer,Timo,760495,3,0,
oppenheimer,Timo,760493,2,1,
oppenheimer,Timo,760494,2,0,
oppenheimer,Timo,760497,3,0,
oppenheimer,Timo,760496,1,0,
oppenheimer,Timo,760498,2,1,
family,Timo,760495,3,0,
family,Timo,760493,2,1,
family,Timo,760494,2,0,
family,Timo,760497,3,0,
family,Timo,760496,1,0,
family,Timo,760498,2,1,
family,Marlon,760495,3,0,
oppenheimer,Marlon,760495,3,0,
oppenheimer,Maike,760495,2,0,
oppenheimer,Maike,760493,2,1,
oppenheimer,Maike,760494,2,0,
family,Marlon,760493,2,1,
family,Marlon,760494,2,1,
oppenheimer,Marlon,760493,2,1,
oppenheimer,Marlon,760494,2,1,
family,Holger,760493,1,2,
family,Holger,760494,3,1,
family,Holger,760497,2,0,
family,Holger,760496,2,2,away
family,Holger,760498,2,1,
family,Holger,760499,1,1,away
family,Holger,760500,3,0,
family,Holger,760501,2,1,
oppenheimer,Jan,760502,1,1,home
oppenheimer,Jan,760503,0,4,
oppenheimer,Jan,760504,2,1,
family,Oma,760494,2,1,
family,Oma,760497,3,0,
family,Oma,760496,1,2,
family,Oma,760498,2,0,
oppenheimer,Stefan,760497,3,1,
oppenheimer,Stefan,760496,2,1,
oppenheimer,Stefan,760498,2,1,
oppenheimer,Stefan,760499,1,2,
oppenheimer,Stefan,760500,3,0,
oppenheimer,Stefan,760501,2,1,
oppenheimer,Jan,760505,1,1,home
oppenheimer,Jan,760507,1,0,
family,Leo,760502,0,1,
family,Leo,760503,0,1,
family,Leo,760504,1,0,
family,Leo,760505,0,1,
family,Leo,760507,1,0,
family,Marlon,760497,2,1,
family,Marlon,760496,2,1,
family,Marlon,760498,2,0,
family,Marlon,760499,1,2,
family,Marlon,760500,3,0,
family,Marlon,760501,2,1,
oppenheimer,Marlon,760497,2,1,
oppenheimer,Marlon,760496,2,1,
oppenheimer,Marlon,760498,2,0,
oppenheimer,Marlon,760499,1,2,
oppenheimer,Marlon,760500,3,0,
oppenheimer,Marlon,760501,2,1,
oppenheimer,Maike,760497,2,1,
oppenheimer,Maike,760496,2,1,
oppenheimer,Maike,760498,2,0,
oppenheimer,Dominik,760499,1,2,
family,Bene,760499,2,1,
family,Bene,760500,3,0,
family,Bene,760501,2,1,
family,Bene,760502,2,1,
family,Bene,760503,0,2,
family,Leo,760506,0,1,
oppenheimer,Timo,760499,0,1,
oppenheimer,Timo,760500,3,0,
oppenheimer,Timo,760501,2,1,
oppenheimer,Timo,760502,0,2,
oppenheimer,Timo,760503,0,3,
family,Timo,760499,0,1,
family,Timo,760500,3,0,
family,Timo,760501,2,1,
family,Timo,760502,0,2,
family,Timo,760503,0,3,
oppenheimer,Jörg,760506,1,2,
oppenheimer,Jörg,760507,2,1,
oppenheimer,Jörg,760499,1,1,away
oppenheimer,Jörg,760500,2,0,
oppenheimer,Jörg,760501,2,0,
oppenheimer,Jörg,760502,0,1,
oppenheimer,Jörg,760503,0,2,
oppenheimer,Jörg,760504,2,1,
oppenheimer,Jörg,760505,2,1,
family,Oma,760499,1,2,
family,Oma,760500,3,0,
family,Oma,760501,2,1,
oppenheimer,Maike,760499,1,2,
oppenheimer,Maike,760500,3,1,
oppenheimer,Maike,760501,2,1,
oppenheimer,Dominik,760500,3,0,
oppenheimer,Dominik,760501,3,1,
oppenheimer,Dominik,760502,0,1,
oppenheimer,Dominik,760503,0,3,
oppenheimer,Carina,760500,3,1,
oppenheimer,Carina,760501,2,1,
oppenheimer,Carina,760502,2,1,
oppenheimer,Carina,760503,1,2,
oppenheimer,Daniel,760500,3,0,
oppenheimer,Daniel,760501,2,1,
oppenheimer,Daniel,760502,1,2,
oppenheimer,Daniel,760503,0,4,
oppenheimer,Daniel,760504,1,2,
oppenheimer,Daniel,760505,1,3,
oppenheimer,Daniel,760506,0,2,
oppenheimer,Daniel,760507,1,2,
family,Leo,760509,1,0,
family,Leo,760508,0,1,
family,Rebecca,760502,1,2,
family,Rebecca,760503,0,2,
family,Rebecca,760506,1,2,
family,Rebecca,760507,1,0,
family,Rebecca,760509,2,1,
family,Rebecca,760508,0,1,
oppenheimer,Jan,760506,1,1,home
oppenheimer,Jan,760509,2,0,
oppenheimer,Jan,760508,1,0,
family,Rebecca,760504,2,1,
family,Rebecca,760505,0,1,
family,Nils,760502,4,5,
family,Nils,760503,0,2,
family,Nils,760504,2,1,
family,Nils,760505,2,3,
family,Nils,760506,4,5,
family,Nils,760507,2,1,
family,Nils,760509,2,0,
family,Nils,760508,2,1,
oppenheimer,Maike,760502,1,2,
oppenheimer,Maike,760503,1,3,
oppenheimer,Alex,760503,1,3,
oppenheimer,Alex,760504,2,1,
oppenheimer,Alex,760505,1,2,
oppenheimer,Alex,760506,1,2,
oppenheimer,Alex,760507,2,1,
oppenheimer,Alex,760509,2,1,
family,Holger,760502,1,2,
family,Holger,760503,0,3,
family,Holger,760504,3,2,
family,Holger,760505,2,1,
family,Holger,760506,1,2,
family,Oma,760502,0,2,
family,Oma,760503,1,3,
oppenheimer,Stefan,760502,1,2,
oppenheimer,Stefan,760503,0,3,
oppenheimer,Stefan,760504,2,1,
oppenheimer,Stefan,760505,1,2,
oppenheimer,Stefan,760506,1,2,
oppenheimer,Stefan,760507,1,1,away
oppenheimer,Stefan,760509,3,1,
family,Bene,760504,2,1,
family,Bene,760505,1,2,
family,Bene,760506,0,1,
family,Miro,760502,1,1,home
family,Miro,760503,0,3,
oppenheimer,Miro,760502,1,1,home
oppenheimer,Miro,760503,0,3,
family,Marlon,760502,1,2,
family,Marlon,760503,0,4,
family,Marlon,760504,0,1,
family,Marlon,760505,2,3,
family,Marlon,760506,2,3,
oppenheimer,Marlon,760502,1,2,
oppenheimer,Marlon,760503,0,4,
oppenheimer,Marlon,760504,0,1,
oppenheimer,Marlon,760505,2,3,
oppenheimer,Marlon,760506,2,3,
oppenheimer,Jörg,760509,2,0,
oppenheimer,Jörg,760508,1,2,
oppenheimer,Eike,760503,0,3,
oppenheimer,Eike,760504,2,0,
oppenheimer,Eike,760505,0,2,
oppenheimer,Eike,760506,2,1,
oppenheimer,Eike,760507,0,1,
oppenheimer,Eike,760509,2,0,
oppenheimer,Eike,760508,2,1,
oppenheimer,Carina,760504,1,2,
oppenheimer,Carina,760505,1,2,
oppenheimer,Carina,760506,1,2,
oppenheimer,Timo,760504,1,2,
oppenheimer,Timo,760505,1,2,
family,Timo,760504,1,2,
family,Timo,760505,1,2,
family,Anne,760504,2,1,
family,Anne,760505,1,1,home
family,Anne,760506,1,2,
family,Anne,760507,1,0,
family,Anne,760509,2,0,
family,Anne,760508,0,1,
oppenheimer,Anne,760504,2,1,
oppenheimer,Anne,760505,1,1,home
oppenheimer,Anne,760506,1,2,
oppenheimer,Anne,760507,1,0,
oppenheimer,Anne,760509,2,0,
oppenheimer,Anne,760508,0,1,
oppenheimer,Dominik,760504,2,1,
oppenheimer,Dominik,760505,1,1,away
oppenheimer,Dominik,760506,1,2,
oppenheimer,Dominik,760507,1,1,home
oppenheimer,Dominik,760509,3,1,
oppenheimer,Dominik,760508,1,1,home
family,Oma,760504,2,2,away
family,Oma,760505,2,1,
family,Oma,760506,1,3,
family,Miro,760504,2,1,
family,Miro,760505,0,2,
oppenheimer,Miro,760504,2,1,
oppenheimer,Miro,760505,0,2,
oppenheimer,Maike,760504,2,1,
oppenheimer,Maike,760505,1,2,
oppenheimer,Maike,760506,1,2,
oppenheimer,Maike,760507,1,2,
oppenheimer,Maike,760509,2,1,
oppenheimer,Maike,760508,2,1,
oppenheimer,Timo,760506,0,2,
oppenheimer,Timo,760507,1,2,
family,Timo,760506,0,2,
family,Timo,760507,1,2,
family,Miro,760506,0,2,
family,Miro,760507,1,1,away
family,Miro,760509,2,0,
family,Miro,760508,1,1,home
oppenheimer,Miro,760506,0,2,
oppenheimer,Miro,760507,1,1,away
oppenheimer,Miro,760509,2,0,
oppenheimer,Miro,760508,1,1,home
family,Marlon,760507,1,2,
oppenheimer,Marlon,760507,1,2,
family,Oma,760507,0,1,
family,Oma,760509,2,0,
family,Oma,760508,2,1,
family,Holger,760507,1,2,
family,Holger,760509,3,1,
family,Holger,760508,1,2,
family,Bene,760507,0,1,
family,Bene,760509,2,0,
family,Bene,760508,1,2,
oppenheimer,Carina,760507,1,2,
oppenheimer,Carina,760509,2,0,
oppenheimer,Carina,760508,2,1,
family,Marlon,760509,3,1,
family,Marlon,760508,2,1,
oppenheimer,Marlon,760509,3,1,
oppenheimer,Marlon,760508,2,1,
oppenheimer,Timo,760509,2,1,
family,Timo,760509,2,1,
oppenheimer,Stefan,760508,1,1,away
oppenheimer,Timo,760508,1,0,
family,Timo,760508,1,0,
oppenheimer,Alex,760508,1,2,
